sl_no,Sl no.,District Name,Market Name,Commodity,Variety,Grade,Min Price (Rs./Quintal),Max Price (Rs./Quintal),Modal Price (Rs./Quintal),Price Date,State
1,42,Kurnool,Kurnool,Arhar (Tur/Red Gram)(Whole),Local,Non-FAQ,2469.0,6440.0,6316.0,13 Aug 2025,Andhra Pradesh
2,388,Chittor,Puttur,Mango,Totapuri,Medium,700.0,1500.0,1100.0,05 Jun 2025,Andhra Pradesh
3,256,Chittor,Palamaner,Green Chilli,Green Chilly,FAQ,2000.0,4000.0,2500.0,17 Dec 2024,Andhra Pradesh
4,382,Krishna,Tiruvuru,Maize,Hybrid/Local,Non-FAQ,2100.0,2250.0,2225.0,27 May 2025,Andhra Pradesh
5,51,Chittor,Palamaner,Cabbage,Cabbage,FAQ,600.0,1100.0,900.0,08 Feb 2025,Andhra Pradesh
6,148,Kurnool,Adoni,Cotton,Bunny,FAQ,4780.0,7966.0,7460.0,07 Apr 2025,Andhra Pradesh
7,398,East Godavari,Rajahmundry,Mango,Raspuri,Medium,2000.0,3500.0,3000.0,01 Jun 2025,Andhra Pradesh
8,334,Krishna,Tiruvuru,Maize,Hybrid/Local,FAQ,2225.0,2300.0,2275.0,01 Apr 2025,Andhra Pradesh
9,222,Kurnool,Adoni,Groundnut,Balli/Habbu,FAQ,5392.0,6456.0,6080.0,24 May 2025,Andhra Pradesh
10,379,Krishna,Tiruvuru,Cotton,Bunny,FAQ,7300.0,7500.0,7400.0,12 Nov 2024,Andhra Pradesh
11,1109,Chittor,Chittoor,Gur(Jaggery),NO 2,FAQ,3200.0,3500.0,3500.0,11 Dec 2024,Andhra Pradesh
12,758,Visakhapatnam,Anakapally,Gur(Jaggery),NO 1,FAQ,4130.0,5230.0,4680.0,24 Oct 2024,Andhra Pradesh
13,376,Chittor,Chittoor,Gur(Jaggery),NO 2,FAQ,3200.0,3500.0,3500.0,26 Aug 2024,Andhra Pradesh
14,101,Chittor,Palamaner,Cabbage,Cabbage,FAQ,630.0,930.0,830.0,26 Jul 2025,Andhra Pradesh
15,428,Kurnool,Adoni,Groundnut,Balli/Habbu,FAQ,3491.0,5616.0,5396.0,27 Dec 2024,Andhra Pradesh
16,1183,Visakhapatnam,Anakapally,Gur(Jaggery),NO 3,FAQ,3300.0,3700.0,3500.0,05 May 2025,Andhra Pradesh
17,561,Visakhapatnam,Anakapally,Gur(Jaggery),NO 1,FAQ,4350.0,4950.0,4650.0,27 Aug 2024,Andhra Pradesh
18,649,Visakhapatnam,Anakapally,Gur(Jaggery),NO 3,FAQ,3250.0,3500.0,3375.0,11 Oct 2024,Andhra Pradesh
19,993,Visakhapatnam,Anakapally,Gur(Jaggery),NO 3,FAQ,2800.0,3080.0,2940.0,03 Apr 2025,Andhra Pradesh
20,241,Krishna,Tiruvuru,Maize,Hybrid/Local,FAQ,2400.0,2600.0,2500.0,25 Sep 2024,Andhra Pradesh
21,86,Chittor,Palamaner,Cabbage,Cabbage,FAQ,360.0,560.0,460.0,27 May 2025,Andhra Pradesh
22,506,Krishna,Tiruvuru,Maize,Hybrid/Local,FAQ,2250.0,2400.0,2350.0,14 Jul 2025,Andhra Pradesh
23,600,Krishna,Tiruvuru,Maize,Hybrid/Local,Non-FAQ,2100.0,2250.0,2225.0,14 May 2025,Andhra Pradesh
24,280,Chittor,Puttur,Mango,Totapuri,Medium,800.0,1050.0,1000.0,18 Jun 2025,Andhra Pradesh
25,133,Krishna,Mylavaram,Maize,Deshi Red,FAQ,2225.0,2225.0,2225.0,29 Mar 2025,Andhra Pradesh
26,300,Visakhapatnam,Anakapally,Gur(Jaggery),NO 2,FAQ,3760.0,4000.0,3880.0,05 Aug 2025,Andhra Pradesh
27,169,Kurnool,Kurnool,Maize,Local,FAQ,2110.0,2250.0,2139.0,19 May 2025,Andhra Pradesh
28,403,Kurnool,Kurnool,Arhar (Tur/Red Gram)(Whole),Local,Non-FAQ,2900.0,6936.0,6425.0,24 Feb 2025,Andhra Pradesh
29,37,Kurnool,Kurnool,Bajra(Pearl Millet/Cumbu),Local,Non-FAQ,2200.0,2200.0,2200.0,16 Apr 2025,Andhra Pradesh
30,98,Chittor,Palamaner,Cauliflower,Cauliflower,FAQ,600.0,1500.0,1000.0,26 Sep 2024,Andhra Pradesh
31,292,Krishna,Tiruvuru,Cotton,Bunny,FAQ,7300.0,7380.0,7340.0,21 Feb 2025,Andhra Pradesh
32,208,Nellore,Atmakur(SPS),Cotton,Local,FAQ,7121.0,7600.0,7521.0,25 Jun 2025,Andhra Pradesh
33,74,Krishna,Tiruvuru,Cotton,Bunny,FAQ,7200.0,7500.0,7300.0,22 Oct 2024,Andhra Pradesh
34,34,Krishna,Tiruvuru,Maize,Hybrid/Local,Non-FAQ,2150.0,2250.0,2225.0,30 Jun 2025,Andhra Pradesh
35,117,Chittor,Palamaner,Green Chilli,Green Chilly,FAQ,2000.0,3000.0,2500.0,04 Jun 2025,Andhra Pradesh
36,843,Kurnool,Yemmiganur,Groundnut,TMV-2,FAQ,3368.0,6670.0,5810.0,11 Mar 2025,Andhra Pradesh
37,199,Chittor,Palamaner,Cauliflower,Cauliflower,FAQ,600.0,1000.0,800.0,25 Apr 2025,Andhra Pradesh
38,175,Chittor,Palamaner,Brinjal,Brinjal,FAQ,2000.0,3000.0,2500.0,09 Oct 2024,Andhra Pradesh
39,72,Cuddapah,Cuddapah,Groundnut,Local,Non-FAQ,4569.0,6509.0,6509.0,11 Jul 2025,Andhra Pradesh
40,30,Kurnool,Kurnool,Bajra(Pearl Millet/Cumbu),Local,Non-FAQ,2349.0,2349.0,2349.0,19 Apr 2025,Andhra Pradesh
41,588,Chittor,Chittoor,Gur(Jaggery),NO 2,FAQ,3200.0,3500.0,3500.0,02 Dec 2024,Andhra Pradesh
42,88,Kurnool,Nandyal,Jowar(Sorghum),Jowar (Yellow),Non-FAQ,2000.0,2000.0,2000.0,05 Mar 2025,Andhra Pradesh
43,851,Kurnool,Yemmiganur,Groundnut,TMV-2,Non-FAQ,2280.0,4890.0,3920.0,04 Mar 2025,Andhra Pradesh
44,13,Chittor,Palamaner,Green Chilli,Green Chilly,FAQ,2000.0,3000.0,2500.0,06 Mar 2025,Andhra Pradesh
45,320,Krishna,Mylavaram,Maize,Deshi Red,Non-FAQ,1700.0,2000.0,1800.0,04 Mar 2025,Andhra Pradesh
46,308,Kurnool,Adoni,Cotton,Bunny,FAQ,5366.0,7349.0,7179.0,28 Nov 2024,Andhra Pradesh
47,395,Kurnool,Adoni,Cotton,Bunny,FAQ,7159.0,7979.0,7969.0,21 Jun 2025,Andhra Pradesh
48,876,Chittor,Chittoor,Gur(Jaggery),NO 2,FAQ,3400.0,3500.0,3500.0,11 May 2025,Andhra Pradesh
49,169,Kurnool,Adoni,Cotton,Bunny,FAQ,4480.0,8032.0,7829.0,27 Jun 2025,Andhra Pradesh
50,9,Kurnool,Kurnool,Maize,Local,FAQ,2197.0,2243.0,2219.0,14 May 2025,Andhra Pradesh
51,501,Nellore,Gudur,Groundnut,Balli/Habbu,FAQ,6500.0,6600.0,6550.0,04 Sep 2024,Andhra Pradesh
52,48,Visakhapatnam,Anakapally,Gur(Jaggery),NO 1,FAQ,3280.0,3880.0,3580.0,29 Nov 2024,Andhra Pradesh
53,223,Visakhapatnam,Anakapally,Gur(Jaggery),NO 3,FAQ,2930.0,3090.0,3010.0,07 Dec 2024,Andhra Pradesh
54,457,Chittor,Puttur,Mango,Totapuri,Medium,800.0,1200.0,1000.0,17 Jun 2025,Andhra Pradesh
55,1090,Chittor,Chittoor,Gur(Jaggery),NO 2,FAQ,3400.0,3500.0,3500.0,02 Apr 2025,Andhra Pradesh
56,127,Chittor,Chittoor,Mango,Totapuri,Large,800.0,1000.0,950.0,22 Jun 2025,Andhra Pradesh
57,996,Visakhapatnam,Anakapally,Gur(Jaggery),NO 3,FAQ,2870.0,3240.0,3055.0,14 Feb 2025,Andhra Pradesh
58,96,Chittor,Tirupati,Mango,Totapuri,Medium,1500.0,1800.0,1650.0,21 May 2025,Andhra Pradesh
59,29,Chittor,Palamaner,Cabbage,Cabbage,FAQ,500.0,900.0,700.0,01 Oct 2024,Andhra Pradesh
60,972,Visakhapatnam,Anakapally,Gur(Jaggery),NO 1,FAQ,4400.0,5100.0,4750.0,18 Sep 2024,Andhra Pradesh
61,118,Visakhapatnam,Anakapally,Gur(Jaggery),NO 2,FAQ,3500.0,4220.0,3860.0,18 Sep 2024,Andhra Pradesh
62,1094,Chittor,Chittoor,Gur(Jaggery),NO 2,FAQ,3400.0,3500.0,3500.0,12 Jul 2025,Andhra Pradesh
63,85,Kurnool,Kurnool,Maize,Local,FAQ,1609.0,2245.0,2245.0,10 Mar 2025,Andhra Pradesh
64,66,Kurnool,Nandyal,Jowar(Sorghum),Jowar (Yellow),Non-FAQ,2000.0,2000.0,2000.0,29 Mar 2025,Andhra Pradesh
65,218,Kurnool,Adoni,Groundnut,Balli/Habbu,FAQ,3711.0,6855.0,4591.0,21 Oct 2024,Andhra Pradesh
66,207,Chittor,Palamaner,Cabbage,Cabbage,FAQ,500.0,1500.0,1100.0,07 Jul 2025,Andhra Pradesh
67,89,Chittor,Palamaner,Green Chilli,Green Chilly,FAQ,2000.0,3000.0,2500.0,07 Jun 2025,Andhra Pradesh
68,29,Chittor,Palamaner,Cauliflower,Cauliflower,FAQ,600.0,1000.0,800.0,28 Feb 2025,Andhra Pradesh
69,469,Krishna,Tiruvuru,Maize,Hybrid/Local,FAQ,2300.0,2400.0,2340.0,03 Mar 2025,Andhra Pradesh
70,154,Chittor,Chittoor,Mango,Totapuri,Large,1000.0,1200.0,1150.0,17 Jun 2025,Andhra Pradesh
71,794,Kurnool,Yemmiganur,Groundnut,TMV-2,Non-FAQ,3040.0,4455.0,4068.0,04 Feb 2025,Andhra Pradesh
72,627,Kurnool,Nandyal,Maize,Deshi Red,FAQ,2690.0,2690.0,2690.0,04 Feb 2025,Andhra Pradesh
73,788,Visakhapatnam,Anakapally,Gur(Jaggery),NO 2,FAQ,3740.0,4280.0,4010.0,29 Apr 2025,Andhra Pradesh
74,240,Chittor,Chittoor,Mango,Totapuri,Large,400.0,600.0,500.0,17 Jul 2025,Andhra Pradesh
75,539,Krishna,Mylavaram,Maize,Deshi Red,Non-FAQ,1800.0,2180.0,2050.0,10 Apr 2025,Andhra Pradesh
76,451,Visakhapatnam,Anakapally,Gur(Jaggery),NO 2,FAQ,3160.0,3800.0,3480.0,19 Dec 2024,Andhra Pradesh
77,160,Chittor,Palamaner,Green Chilli,Green Chilly,FAQ,2000.0,3000.0,2500.0,13 Dec 2024,Andhra Pradesh
78,200,Anantapur,Tenakallu,Groundnut,Balli/Habbu,FAQ,7000.0,8000.0,7500.0,03 Dec 2024,Andhra Pradesh
79,195,Visakhapatnam,Anakapally,Gur(Jaggery),NO 1,FAQ,3620.0,4140.0,3880.0,26 Feb 2025,Andhra Pradesh
80,383,Kurnool,Adoni,Cotton,Bunny,FAQ,4006.0,7711.0,7424.0,16 Aug 2024,Andhra Pradesh
81,1077,Chittor,Chittoor,Gur(Jaggery),NO 2,FAQ,3200.0,3500.0,3500.0,21 Nov 2024,Andhra Pradesh
82,585,Kurnool,Nandyal,Maize,Deshi Red,Non-FAQ,2000.0,2516.0,2000.0,03 Apr 2025,Andhra Pradesh
83,334,Kurnool,Adoni,Cotton,Bunny,FAQ,4670.0,7422.0,7229.0,12 Feb 2025,Andhra Pradesh
84,186,Cuddapah,Cuddapah,Groundnut,Local,Non-FAQ,4269.0,6779.0,5529.0,14 Jul 2025,Andhra Pradesh
85,249,Krishna,Tiruvuru,Maize,Hybrid/Local,Non-FAQ,2225.0,2310.0,2265.0,16 Mar 2025,Andhra Pradesh
86,221,East Godavari,Rajahmundry,Mango,Raspuri,Medium,2600.0,3000.0,2800.0,16 Jun 2025,Andhra Pradesh
87,87,Kurnool,Adoni,Cotton,Bunny,FAQ,4610.0,7594.0,7389.0,25 Feb 2025,Andhra Pradesh
88,303,Kurnool,Adoni,Cotton,Bunny,FAQ,4216.0,7555.0,7360.0,04 Oct 2024,Andhra Pradesh
89,30,Chittor,Palamaner,Cauliflower,Cauliflower,FAQ,600.0,1200.0,1000.0,28 Jun 2025,Andhra Pradesh
90,54,Chittor,Palamaner,Cabbage,Cabbage,FAQ,800.0,1200.0,1000.0,22 Aug 2024,Andhra Pradesh
91,168,Kurnool,Kurnool,Maize,Local,FAQ,1819.0,2259.0,2149.0,22 Feb 2025,Andhra Pradesh
92,225,Visakhapatnam,Anakapally,Gur(Jaggery),NO 3,FAQ,3010.0,3260.0,3135.0,16 Apr 2025,Andhra Pradesh
93,11,Chittor,Palamaner,Cauliflower,Cauliflower,FAQ,600.0,1500.0,1000.0,25 Sep 2024,Andhra Pradesh
94,612,Kurnool,Kurnool,Groundnut,Local,Non-FAQ,1357.0,6783.0,4499.0,28 Jan 2025,Andhra Pradesh
95,19,Cuddapah,Cuddapah,Groundnut,Local,Non-FAQ,3296.0,6239.0,5689.0,07 May 2025,Andhra Pradesh
96,858,Visakhapatnam,Anakapally,Gur(Jaggery),NO 3,FAQ,3090.0,3440.0,3265.0,11 Aug 2025,Andhra Pradesh
97,648,Visakhapatnam,Anakapally,Gur(Jaggery),NO 3,FAQ,3200.0,3780.0,3490.0,02 May 2025,Andhra Pradesh
98,259,Kurnool,Adoni,Groundnut,Balli/Habbu,FAQ,3166.0,6530.0,6251.0,27 Mar 2025,Andhra Pradesh
99,51,Kurnool,Kurnool,Bajra(Pearl Millet/Cumbu),Local,Non-FAQ,1900.0,2011.0,2011.0,10 Feb 2025,Andhra Pradesh
100,468,Chittor,Tirupati,Mango,Badami,Medium,2000.0,2500.0,2400.0,03 Jun 2025,Andhra Pradesh
101,164,Dahod,Dahod(Veg. Market),Carrot,Carrot,FAQ,2500.0,3500.0,3000.0,03 Dec 2024,Gujarat
102,5790,Bhavnagar,Taleja,Arhar (Tur/Red Gram)(Whole),Other,FAQ,5510.0,6505.0,6010.0,21 Mar 2025,Gujarat
103,8062,Rajkot,Rajkot,Groundnut,Bold,FAQ,4500.0,5760.0,5000.0,26 Sep 2024,Gujarat
104,7333,Jamnagar,Kalawad,Groundnut,Other,FAQ,4000.0,6550.0,5825.0,26 May 2025,Gujarat
105,6306,Rajkot,Upleta,Cotton,Other,Non-FAQ,5000.0,6800.0,6500.0,29 Jul 2025,Gujarat
106,2998,Jamnagar,Jamnagar,Soyabean,Local,FAQ,4800.0,4935.0,4915.0,03 Jun 2025,Gujarat
107,1322,Bharuch,Ankleshwar,Carrot,Carrot,FAQ,1200.0,2000.0,1500.0,02 Apr 2025,Gujarat
108,7046,Amreli,Dhari,Cotton,Local,Non-FAQ,5025.0,7090.0,7010.0,25 Feb 2025,Gujarat
109,2246,Bharuch,Jambusar,Arhar (Tur/Red Gram)(Whole),Other,FAQ,8000.0,8400.0,8200.0,08 Nov 2024,Gujarat
110,1575,Amreli,Amreli,Groundnut,Big (With Shell),Non-FAQ,3625.0,5460.0,5300.0,02 Apr 2025,Gujarat
111,6697,Banaskanth,Deesa(Deesa Veg Yard),Brinjal,Other,FAQ,4000.0,6150.0,5075.0,23 Jul 2025,Gujarat
112,3874,Sabarkantha,Himatnagar,Cotton,Cotton (Unginned),FAQ,6755.0,7470.0,7113.0,31 Dec 2024,Gujarat
113,2520,Gandhinagar,Mansa,Mustard,Mustard,FAQ,4790.0,5200.0,4950.0,08 Feb 2025,Gujarat
114,2934,Rajkot,Dhoraji,Soyabean,Yellow,FAQ,3830.0,3930.0,3930.0,21 Aug 2024,Gujarat
115,982,Surat,Bardoli(Katod),Bhindi(Ladies Finger),Other,FAQ,1250.0,2350.0,1850.0,22 May 2025,Gujarat
116,761,Valsad,Valsad,Mango,Keshar,Medium,5500.0,7000.0,6000.0,17 May 2025,Gujarat
117,1034,Anand,Borsad,Bajra(Pearl Millet/Cumbu),Other,FAQ,2500.0,2650.0,2575.0,18 Dec 2024,Gujarat
118,5151,Banaskanth,Deesa(Deesa Veg Yard),Cauliflower,Other,FAQ,3500.0,4250.0,3875.0,19 Jun 2025,Gujarat
119,10489,Kheda,Kapadvanj,Bajra(Pearl Millet/Cumbu),Hybrid,FAQ,2350.0,2700.0,2525.0,21 Dec 2024,Gujarat
120,259,Amreli,Babra,Cotton,Other,FAQ,7075.0,8425.0,7750.0,02 Oct 2024,Gujarat
121,4713,Navsari,Bilimora,Brinjal,Other,FAQ,2500.0,3000.0,2800.0,14 Dec 2024,Gujarat
122,1099,Rajkot,Gondal(Veg.market Gondal),Mango,Keshar,Medium,2000.0,5000.0,3500.0,20 Jul 2025,Gujarat
123,447,Rajkot,Jetpur(Dist.Rajkot),Garlic,Garlic,FAQ,2250.0,6205.0,4805.0,10 Mar 2025,Gujarat
124,5371,Navsari,Vansda,Bhindi(Ladies Finger),Bhindi,FAQ,4000.0,4500.0,4250.0,08 Aug 2025,Gujarat
125,256,Navsari,Bilimora,Brinjal,Other,FAQ,1500.0,2000.0,1800.0,10 Mar 2025,Gujarat
126,1881,Surat,Mandvi,Green Gram (Moong)(Whole),Other,Non-FAQ,7250.0,7750.0,7500.0,19 May 2025,Gujarat
127,1347,Porbandar,Porbandar,Cauliflower,African Sarson,FAQ,3500.0,4500.0,4000.0,05 Aug 2025,Gujarat
128,4009,Porbandar,Porbandar,Jowar(Sorghum),Other,FAQ,3100.0,3900.0,3500.0,07 Apr 2025,Gujarat
129,10501,Anand,Khambhat(Grain Market),Bajra(Pearl Millet/Cumbu),Other,FAQ,2250.0,2750.0,2400.0,07 Aug 2025,Gujarat
130,8978,Banaskanth,Palanpur,Bajra(Pearl Millet/Cumbu),Deshi,FAQ,2850.0,2850.0,2850.0,24 Jan 2025,Gujarat
131,2433,Banaskanth,Palanpur,Mustard,Mustard,FAQ,5800.0,6010.0,5905.0,28 May 2025,Gujarat
132,3531,Rajkot,Rajkot,Green Gram (Moong)(Whole),Green (Whole),FAQ,6550.0,8015.0,7850.0,07 Jun 2025,Gujarat
133,1712,Amreli,Damnagar,Cauliflower,Cauliflower,FAQ,350.0,850.0,600.0,26 Jan 2025,Gujarat
134,8527,Amreli,Savarkundla,Groundnut,Big (With Shell),Non-FAQ,4900.0,5700.0,5100.0,09 May 2025,Gujarat
135,4962,Mehsana,Visnagar,Jowar(Sorghum),Other,FAQ,3000.0,5000.0,4000.0,16 Aug 2024,Gujarat
136,91,Devbhumi Dwarka,Bhanvad,Soyabean,Soyabeen,FAQ,3500.0,4200.0,4000.0,09 Dec 2024,Gujarat
137,9773,Bharuch,Jambusar,Bajra(Pearl Millet/Cumbu),Other,FAQ,2400.0,2800.0,2600.0,11 May 2025,Gujarat
138,1694,Sabarkantha,Idar,Arhar (Tur/Red Gram)(Whole),Other,FAQ,5750.0,7805.0,7550.0,10 Jan 2025,Gujarat
139,5224,Morbi,Morbi,Bhindi(Ladies Finger),Bhindi,FAQ,3000.0,4000.0,3500.0,08 Apr 2025,Gujarat
140,10795,Patan,Patan,Groundnut,Other,FAQ,4000.0,4925.0,4475.0,13 Dec 2024,Gujarat
141,2088,Anand,Khambhat(Veg Yard Khambhat),Cauliflower,Other,FAQ,2000.0,3000.0,2600.0,22 Jul 2025,Gujarat
142,3944,Amreli,Dhari,Cotton,Local,Non-FAQ,6050.0,6050.0,6050.0,14 Jun 2025,Gujarat
143,2552,Patan,"Patan(Veg,Yard Patan)",Cauliflower,Other,FAQ,1500.0,2300.0,1900.0,17 Dec 2024,Gujarat
144,5106,Rajkot,Jetpur(Dist.Rajkot),Soyabean,Soyabeen,FAQ,3500.0,4055.0,4000.0,28 Jun 2025,Gujarat
145,6966,Bhavnagar,Taleja,Groundnut,G20,FAQ,4975.0,5140.0,5060.0,23 Apr 2025,Gujarat
146,4863,Banaskanth,Deesa(Deesa Veg Yard),Brinjal,Other,FAQ,1000.0,1550.0,1275.0,24 Apr 2025,Gujarat
147,6138,Surat,Nizar(Pumkitalov),Bajra(Pearl Millet/Cumbu),Other,FAQ,2100.0,2295.0,2235.0,10 Jan 2025,Gujarat
148,1874,Amreli,Damnagar,Brinjal,Other,FAQ,3050.0,4050.0,3500.0,11 Jul 2025,Gujarat
149,3105,Navsari,Navsari,Green Chilli,Green Chilly,FAQ,2500.0,6500.0,4500.0,02 Jul 2025,Gujarat
150,6393,Jamnagar,Jamnagar,Mustard,Other,FAQ,5600.0,6000.0,5875.0,01 Oct 2024,Gujarat
151,7722,Bhavnagar,Mahuva(Station Road),Bajra(Pearl Millet/Cumbu),Hybrid,FAQ,2055.0,2965.0,2500.0,26 Apr 2025,Gujarat
152,5598,Porbandar,Porbandar,Green Chilli,Green Chilly,FAQ,2000.0,3000.0,2500.0,04 Jun 2025,Gujarat
153,6509,Navsari,Navsari,Bhindi(Ladies Finger),Bhindi,FAQ,2000.0,2500.0,2250.0,17 Aug 2024,Gujarat
154,4978,Porbandar,Porbandar,Cabbage,Cabbage,FAQ,1500.0,2000.0,1750.0,01 Jul 2025,Gujarat
155,1929,Banaskanth,Panthawada,Mustard,Other,FAQ,5000.0,5580.0,5500.0,10 Feb 2025,Gujarat
156,1775,Navsari,Bilimora,Green Chilli,Other,FAQ,7000.0,8000.0,7500.0,14 Mar 2025,Gujarat
157,740,Amreli,Damnagar,Cauliflower,Cauliflower,FAQ,1300.0,1600.0,1500.0,21 Mar 2025,Gujarat
158,5236,Porbandar,Porbandar,Brinjal,Arkasheela Mattigulla,FAQ,1000.0,2000.0,1500.0,27 Nov 2024,Gujarat
159,2794,Botad,Botad(Haddad),Cotton,Shanker 6 (B) 30mm FIne,Non-FAQ,7250.0,8205.0,7750.0,25 Jun 2025,Gujarat
160,4361,Sabarkantha,Bhiloda,Cotton,Other,FAQ,7000.0,7225.0,7113.0,29 Jan 2025,Gujarat
161,3352,Rajkot,Jetpur(Dist.Rajkot),Groundnut,Other,FAQ,3250.0,6955.0,5750.0,11 Jun 2025,Gujarat
162,6191,Bhavnagar,Bhavnagar,Groundnut,Other,FAQ,4750.0,7590.0,6170.0,02 Dec 2024,Gujarat
163,218,Jamnagar,Dhrol,Green Gram (Moong)(Whole),Other,FAQ,6800.0,7400.0,7100.0,30 May 2025,Gujarat
164,11004,Amreli,Rajula,Bajra(Pearl Millet/Cumbu),Local,FAQ,2560.0,3155.0,2858.0,19 Nov 2024,Gujarat
165,5178,Morbi,Morbi,Brinjal,Brinjal,FAQ,1000.0,2000.0,1500.0,05 Apr 2025,Gujarat
166,2101,Anand,Khambhat(Veg Yard Khambhat),Brinjal,Other,FAQ,500.0,1000.0,800.0,25 Mar 2025,Gujarat
167,661,Jamnagar,Dhrol,Jowar(Sorghum),Other,FAQ,2105.0,3375.0,2740.0,09 Oct 2024,Gujarat
168,4902,Rajkot,Rajkot,Mustard,Mustard,FAQ,5900.0,6440.0,6300.0,17 Jul 2025,Gujarat
169,7378,Amreli,Damnagar,Bhindi(Ladies Finger),Bhindi,FAQ,2850.0,3550.0,3200.0,01 Mar 2025,Gujarat
170,1757,Panchmahals,Gogamba(Similiya),Arhar (Tur/Red Gram)(Whole),Other,FAQ,5000.0,5500.0,5250.0,18 Jul 2025,Gujarat
171,1979,Anand,Khambhat(Veg Yard Khambhat),Cauliflower,Other,FAQ,2000.0,2500.0,2300.0,06 May 2025,Gujarat
172,3091,Morbi,Morbi,Groundnut,Other,FAQ,4515.0,4575.0,4545.0,02 May 2025,Gujarat
173,4411,Bharuch,Ankleshwar,Brinjal,Brinjal,FAQ,4000.0,6000.0,5000.0,30 Jun 2025,Gujarat
174,2433,Rajkot,Gondal(Veg.market Gondal),Cabbage,Cabbage,FAQ,700.0,1500.0,1100.0,20 Jun 2025,Gujarat
175,3852,Banaskanth,Dhanera,Mustard,Mustard,FAQ,5600.0,6295.0,5880.0,10 Jun 2025,Gujarat
176,6541,Panchmahals,Gogamba(Similiya),Arhar (Tur/Red Gram)(Whole),Other,FAQ,7200.0,7650.0,7550.0,20 Mar 2025,Gujarat
177,1987,Porbandar,Porbandar,Green Gram (Moong)(Whole),Green (Whole),FAQ,8100.0,8100.0,8100.0,03 Jan 2025,Gujarat
178,11047,Bhavnagar,Taleja,Bajra(Pearl Millet/Cumbu),Local,FAQ,1505.0,2630.0,2070.0,30 Jun 2025,Gujarat
179,3597,Mehsana,Mehsana(Mehsana Veg),Cauliflower,Cauliflower,FAQ,400.0,1200.0,600.0,05 Mar 2025,Gujarat
180,2759,Banaskanth,Deesa(Deesa Veg Yard),Brinjal,Other,FAQ,2500.0,3000.0,2750.0,08 Nov 2024,Gujarat
181,366,Amreli,Damnagar,Green Chilli,Green Chilly,FAQ,1550.0,2550.0,2200.0,19 May 2025,Gujarat
182,2331,Navsari,Navsari,Cauliflower,African Sarson,FAQ,3000.0,4000.0,3500.0,07 Oct 2024,Gujarat
183,2055,Patan,Siddhpur,Mustard,Mustard,FAQ,5315.0,5590.0,5452.0,10 Sep 2024,Gujarat
184,5608,Rajkot,Jasdan,Mustard,Mustard,Non-FAQ,4000.0,5750.0,5250.0,21 Mar 2025,Gujarat
185,6402,Kheda,Nadiyad(Chaklasi),Brinjal,Brinjal,FAQ,1400.0,2000.0,1800.0,30 Aug 2024,Gujarat
186,2723,Junagarh,Bhesan,Soyabean,Other,FAQ,3500.0,4080.0,3900.0,27 Jan 2025,Gujarat
187,7717,Morbi,Halvad,Cotton,Other,FAQ,6755.0,7650.0,7400.0,29 May 2025,Gujarat
188,8796,Sabarkantha,Talod,Groundnut,Other,FAQ,4750.0,6550.0,5650.0,17 Feb 2025,Gujarat
189,3017,Rajkot,Gondal(Veg.market Gondal),Green Chilli,Green Chilly,FAQ,1000.0,3000.0,2000.0,17 Feb 2025,Gujarat
190,1825,Dahod,Dahod,Maize,White (SAFED),FAQ,2250.0,3000.0,2700.0,18 Nov 2024,Gujarat
191,1128,Valsad,Pardi(Rohinee),Mango,Other,Large,1500.0,2000.0,2000.0,17 May 2025,Gujarat
192,2449,Jamnagar,Jamnagar,Groundnut,Other,FAQ,6700.0,9425.0,7650.0,21 Oct 2024,Gujarat
193,1160,Vadodara(Baroda),Vadodara(Sayajipura),Mango,Other,Small,1000.0,3000.0,1500.0,13 May 2025,Gujarat
194,3328,Jamnagar,Jam Jodhpur,Jowar(Sorghum),Other,FAQ,2055.0,4500.0,3255.0,24 Apr 2025,Gujarat
195,4437,Banaskanth,Thara(Shihori),Bajra(Pearl Millet/Cumbu),Other,FAQ,2400.0,2525.0,2462.5,06 Nov 2024,Gujarat
196,1385,Botad,Botad(Haddad),Cotton,Shanker 6 (B) 30mm FIne,Non-FAQ,7355.0,8000.0,7750.0,29 Jul 2025,Gujarat
197,1201,Devbhumi Dwarka,Jam Khambalia,Jowar(Sorghum),Other,FAQ,2250.0,2880.0,2625.0,06 Nov 2024,Gujarat
198,10404,Amreli,Rajula,Bajra(Pearl Millet/Cumbu),Local,FAQ,1805.0,2855.0,2330.0,08 Aug 2025,Gujarat
199,4061,Junagarh,Junagadh,Green Gram (Moong)(Whole),Green (Whole),FAQ,5500.0,8265.0,7250.0,13 Sep 2024,Gujarat
200,5174,Banaskanth,Thara(Shihori),Mustard,Big 100 Kg,Non-FAQ,5450.0,5550.0,5500.0,23 May 2025,Gujarat
201,618,Kollam,Anchal,Brinjal,Brinjal,FAQ,4200.0,4400.0,4300.0,05 Jul 2025,Kerala
202,8983,Malappuram,Kondotty,Brinjal,Other,FAQ,3900.0,4100.0,4000.0,28 Jan 2025,Kerala
203,14037,Ernakulam,North Paravur,Bhindi(Ladies Finger),Bhindi,FAQ,4500.0,5500.0,5000.0,18 Oct 2024,Kerala
204,8326,Kollam,Kottarakkara,Cabbage,Other,FAQ,4000.0,5000.0,4500.0,14 Jul 2025,Kerala
205,16047,Idukki,Thodupuzha,Green Chilli,Other,FAQ,5200.0,5400.0,5400.0,20 Dec 2024,Kerala
206,7586,Kozhikode(Calicut),Palayam,Cauliflower,Other,FAQ,2900.0,2900.0,2900.0,28 May 2025,Kerala
207,4105,Kozhikode(Calicut),Kallachi,Green Chilli,Green Chilly,FAQ,3300.0,3700.0,3500.0,27 Feb 2025,Kerala
208,12113,Kottayam,Mutholy  VFPCK,Brinjal,Brinjal,FAQ,1800.0,2000.0,2000.0,04 Aug 2025,Kerala
209,14688,Malappuram,Parappanangadi,Brinjal,Other,FAQ,3000.0,3100.0,3100.0,10 Apr 2025,Kerala
210,2930,Kottayam,Thalayolaparambu,Mango,Other,Medium,5400.0,5800.0,5600.0,28 Jul 2025,Kerala
211,23094,Thirssur,Wadakkanchery,Bhindi(Ladies Finger),Bhindi,FAQ,5000.0,5500.0,5500.0,31 Oct 2024,Kerala
212,5142,Kottayam,Kanjirappally,Green Chilli,Green Chilly,FAQ,9000.0,10000.0,9800.0,08 Jun 2025,Kerala
213,15906,Idukki,Thodupuzha,Cabbage,Other,FAQ,3000.0,3500.0,3500.0,26 Oct 2024,Kerala
214,11426,Kozhikode(Calicut),Palayam,Carrot,Other,FAQ,4800.0,5000.0,4800.0,21 Sep 2024,Kerala
215,10633,Idukki,Thodupuzha,Cauliflower,Other,FAQ,4000.0,4200.0,4200.0,19 Dec 2024,Kerala
216,5495,Kasargod,Kanjangadu,Cabbage,Cabbage,FAQ,2300.0,3000.0,2500.0,04 Oct 2024,Kerala
217,243,Idukki,Adimali,Bhindi(Ladies Finger),Bhindi,FAQ,6000.0,6000.0,6000.0,27 Jun 2025,Kerala
218,9219,Ernakulam,Kothamangalam,Brinjal,Other,FAQ,3000.0,4000.0,3500.0,27 Aug 2024,Kerala
219,2944,Thirssur,Chalakudy,Carrot,Carrot,FAQ,6500.0,7500.0,7500.0,17 Sep 2024,Kerala
220,7283,Ernakulam,Kothamangalam,Carrot,Other,FAQ,3000.0,5000.0,4000.0,13 Jun 2025,Kerala
221,2881,Kottayam,Thalayolaparambu,Mango,Other,Medium,4800.0,5200.0,5000.0,17 Dec 2024,Kerala
222,7751,Idukki,Kattappana,Bhindi(Ladies Finger),Other,FAQ,4700.0,5000.0,5000.0,07 Jan 2025,Kerala
223,17549,Thirssur,Wadakkanchery,Cabbage,Cabbage,FAQ,3500.0,4000.0,4000.0,26 Oct 2024,Kerala
224,7686,Malappuram,Kottakkal,Carrot,Other,FAQ,5300.0,5500.0,5400.0,26 Sep 2024,Kerala
225,21720,Thirssur,Wadakkanchery,Brinjal,Brinjal,FAQ,3500.0,4000.0,3600.0,09 Jun 2025,Kerala
226,7416,Kottayam,Kuriem  VFPCK,Ginger(Green),Green Ginger,FAQ,15000.0,16000.0,15000.0,10 Sep 2024,Kerala
227,3118,Idukki,Thodupuzha,Mango,Other,Small,4800.0,5000.0,5000.0,06 Apr 2025,Kerala
228,14238,Wayanad,Pulpally,Green Chilli,Other,FAQ,3600.0,3800.0,3700.0,01 Apr 2025,Kerala
229,18525,Kozhikode(Calicut),Thamarassery,Brinjal,Other,FAQ,1100.0,1600.0,1300.0,22 May 2025,Kerala
230,11085,Malappuram,Manjeri,Brinjal,Other,FAQ,3000.0,3100.0,3050.0,15 Jan 2025,Kerala
231,14480,Idukki,Thodupuzha,Ginger(Green),Other,FAQ,5800.0,6000.0,6000.0,04 Jul 2025,Kerala
232,8663,Kollam,Kollam,Bhindi(Ladies Finger),Other,FAQ,1800.0,2000.0,1900.0,23 Sep 2024,Kerala
233,902,Thiruvananthapuram,Aralamoodu,Cauliflower,Cauliflower,FAQ,5000.0,6000.0,6000.0,28 Aug 2024,Kerala
234,1352,Kottayam,Athirampuzha,Green Chilli,Green Chilly,FAQ,3000.0,3400.0,3200.0,17 Mar 2025,Kerala
235,3546,Kollam,Chathanoor,Bhindi(Ladies Finger),Other,FAQ,5800.0,6200.0,6000.0,14 Oct 2024,Kerala
236,10105,Kozhikode(Calicut),Mukkom,Cabbage,Cabbage,FAQ,3200.0,3600.0,3400.0,26 May 2025,Kerala
237,13711,Palakad,Palakkad,Brinjal,Brinjal,FAQ,2800.0,3500.0,3200.0,28 Dec 2024,Kerala
238,18588,Kollam,Sasthamkotta,Bhindi(Ladies Finger),Other,FAQ,4500.0,5000.0,4800.0,13 Dec 2024,Kerala
239,21103,Kozhikode(Calicut),Vengeri(Kozhikode),Brinjal,Brinjal,FAQ,1400.0,1700.0,1700.0,21 Apr 2025,Kerala
240,13764,Ernakulam,Perumbavoor,Cabbage,Cabbage,FAQ,1700.0,2700.0,2000.0,29 Apr 2025,Kerala
241,17348,Kozhikode(Calicut),Vengeri(Kozhikode),Carrot,Carrot,FAQ,6400.0,6700.0,6700.0,06 Aug 2025,Kerala
242,561,Kollam,Anchal,Cauliflower,Cauliflower,FAQ,5500.0,5700.0,5600.0,10 Oct 2024,Kerala
243,7153,Palakad,Palakkad,Cauliflower,Cauliflower,FAQ,3200.0,4000.0,3700.0,11 Jan 2025,Kerala
244,2090,Thiruvananthapuram,Attingal,Carrot,Other,FAQ,5700.0,6500.0,6000.0,26 May 2025,Kerala
245,909,Ernakulam,Angamaly,Cabbage,Cabbage,FAQ,3200.0,4500.0,3500.0,12 Aug 2025,Kerala
246,11274,Malappuram,Parappanangadi,Ginger(Green),Green Ginger,FAQ,5500.0,5600.0,5600.0,05 Dec 2024,Kerala
247,2776,Palakad,Palakkad,Garlic,Garlic,FAQ,28000.0,30000.0,29100.0,10 Jan 2025,Kerala
248,12900,Thiruvananthapuram,Pothencode,Ginger(Green),Green Ginger,FAQ,9000.0,9500.0,9000.0,12 Apr 2025,Kerala
249,13712,Wayanad,Sultan bathery,Ginger(Green),Green Ginger,FAQ,2155.0,2160.0,2160.0,20 Jun 2025,Kerala
250,2248,Palakad,Pattambi,Mango,Other,Medium,5000.0,6000.0,5500.0,10 Feb 2025,Kerala
251,5278,Kozhikode(Calicut),Kallachi,Cabbage,Cabbage,FAQ,2800.0,3200.0,3000.0,20 Aug 2024,Kerala
252,4485,Wayanad,Kalpetta,Green Chilli,Green Chilly,FAQ,3400.0,3500.0,3500.0,24 Apr 2025,Kerala
253,4643,Kasargod,Kanjangadu,Green Chilli,Green Chilly,FAQ,3800.0,4500.0,4000.0,09 Dec 2024,Kerala
254,2090,Kottayam,Athirampuzha,Bhindi(Ladies Finger),Bhindi,FAQ,3800.0,4000.0,3900.0,23 Jan 2025,Kerala
255,16572,Thirssur,Thrissur,Green Chilli,Green Chilly,FAQ,4500.0,5000.0,4700.0,21 Oct 2024,Kerala
256,9055,Palakad,Kollengode,Bhindi(Ladies Finger),Other,FAQ,3000.0,3400.0,3200.0,12 Apr 2025,Kerala
257,4998,Thirssur,Irinjalakkuda,Cabbage,Other,FAQ,3300.0,3300.0,3300.0,18 Feb 2025,Kerala
258,2834,Idukki,Thodupuzha,Apple,Other,Small,6300.0,6500.0,6500.0,09 Aug 2025,Kerala
259,3495,Kollam,Chathanoor,Brinjal,Other,FAQ,3800.0,4200.0,4000.0,13 Dec 2024,Kerala
260,12366,Ernakulam,Perumbavoor,Ginger(Green),Green Ginger,FAQ,5000.0,6000.0,5500.0,22 Feb 2025,Kerala
261,2498,Ernakulam,North Paravur,Garlic,Average,FAQ,28000.0,35000.0,30000.0,15 Jan 2025,Kerala
262,4696,Palakad,Koduvayoor,Cauliflower,Other,FAQ,2400.0,2800.0,2600.0,21 Aug 2024,Kerala
263,9269,Kozhikode(Calicut),Mukkom,Ginger(Green),Green Ginger,FAQ,6000.0,6600.0,6300.0,18 Jul 2025,Kerala
264,2984,Thiruvananthapuram,Chala,Brinjal,Other,FAQ,2800.0,2800.0,2800.0,04 Oct 2024,Kerala
265,5974,Alappuzha,Kayamkulam,Carrot,Other,FAQ,4300.0,4500.0,4400.0,01 Apr 2025,Kerala
266,2886,Palakad,Palakkad,Garlic,Garlic,FAQ,34000.0,36000.0,35100.0,11 Dec 2024,Kerala
267,17621,Wayanad,Sulthanbathery  VFPCK,Brinjal,Brinjal,FAQ,3600.0,3600.0,3600.0,07 Sep 2024,Kerala
268,4341,Alappuzha,Chengannur,Brinjal,Brinjal,FAQ,3800.0,4100.0,4000.0,01 Nov 2024,Kerala
269,7928,Kollam,Kottarakkara,Carrot,Other,FAQ,7000.0,7500.0,7500.0,22 Apr 2025,Kerala
270,44,Idukki,Adimali,Ginger(Green),Green Ginger,FAQ,6500.0,6500.0,6500.0,23 Jun 2025,Kerala
271,7925,Kottayam,Kuruppanthura,Green Chilli,Green Chilly,FAQ,6000.0,7600.0,7000.0,25 Feb 2025,Kerala
272,8157,Kannur,Kuthuparambu,Green Chilli,Green Chilly,FAQ,7800.0,8200.0,8000.0,18 Jan 2025,Kerala
273,3770,Thirssur,Chavakkad,Bhindi(Ladies Finger),Other,FAQ,4000.0,4800.0,4800.0,18 Feb 2025,Kerala
274,12982,Palakad,Pattambi,Cabbage,Other,FAQ,1500.0,1800.0,1600.0,16 Jan 2025,Kerala
275,5757,Palakad,Koduvayoor,Ginger(Green),Other,FAQ,14000.0,14400.0,14200.0,10 Sep 2024,Kerala
276,2539,Idukki,Munnar,Apple,Other,Medium,14000.0,17000.0,15000.0,23 Nov 2024,Kerala
277,3992,Wayanad,Kalpetta,Ginger(Green),Green Ginger,FAQ,2300.0,2400.0,2400.0,24 Feb 2025,Kerala
278,9143,Ernakulam,Perumbavoor,Cauliflower,Cauliflower,FAQ,3000.0,4000.0,3500.0,11 Dec 2024,Kerala
279,93,Kasargod,Neeleswaram,Arhar (Tur/Red Gram)(Whole),Other,FAQ,13600.0,14000.0,13800.0,24 Feb 2025,Kerala
280,11659,Alappuzha,Mannar,Brinjal,Other,FAQ,6000.0,6200.0,6100.0,11 Feb 2025,Kerala
281,6076,Palakad,Koduvayoor,Green Chilli,Other,FAQ,3500.0,3900.0,3700.0,20 Sep 2024,Kerala
282,10504,Palakad,Palakkad,Ginger(Green),Green Ginger,FAQ,12000.0,14000.0,13100.0,30 Sep 2024,Kerala
283,341,Alappuzha,Aroor,Garlic,Other,FAQ,35000.0,35200.0,35100.0,05 Nov 2024,Kerala
284,8298,Wayanad,Manathavady,Ginger(Green),Green Ginger,FAQ,8000.0,8100.0,8100.0,03 Oct 2024,Kerala
285,11953,Kozhikode(Calicut),Mukkom,Brinjal,Brinjal,FAQ,4500.0,4800.0,4600.0,29 Apr 2025,Kerala
286,2437,Ernakulam,Piravam,Mango,Other,Large,2500.0,5000.0,3000.0,05 Jun 2025,Kerala
287,46,Idukki,Adimali,Green Chilli,Green Chilly,FAQ,6000.0,6000.0,6000.0,10 Dec 2024,Kerala
288,120,Idukki,Adimali,Brinjal,Brinjal,FAQ,4000.0,5000.0,4000.0,08 May 2025,Kerala
289,17335,Idukki,Vandiperiyar,Green Chilli,Other,FAQ,4600.0,4800.0,4800.0,03 Mar 2025,Kerala
290,12834,Thiruvananthapuram,Pothencode,Ginger(Green),Green Ginger,FAQ,6000.0,6500.0,6000.0,22 Jul 2025,Kerala
291,2407,Thiruvananthapuram,Attingal,Bhindi(Ladies Finger),Other,FAQ,4500.0,5500.0,5000.0,02 Aug 2025,Kerala
292,4243,Alappuzha,Chengannur,Bhindi(Ladies Finger),Other,FAQ,3500.0,3800.0,3700.0,08 Jul 2025,Kerala
293,11119,Ernakulam,North Paravur,Cabbage,Cabbage,FAQ,1800.0,2500.0,2000.0,24 Mar 2025,Kerala
294,15764,Idukki,Thodupuzha,Cabbage,Other,FAQ,2200.0,2400.0,2400.0,17 Feb 2025,Kerala
295,6617,Kottayam,Kanjirappally,Brinjal,Brinjal,FAQ,3500.0,4000.0,3800.0,01 Mar 2025,Kerala
296,12544,Kozhikode(Calicut),Perambra,Carrot,Other,FAQ,6000.0,6500.0,6200.0,13 Feb 2025,Kerala
297,6326,Wayanad,Kalpetta,Brinjal,Round,FAQ,2200.0,2300.0,2300.0,21 Aug 2024,Kerala
298,2937,Malappuram,Parappanangadi,Garlic,Other,FAQ,7500.0,7600.0,7600.0,30 Jul 2025,Kerala
299,10023,Kottayam,Kottayam,Brinjal,Brinjal,FAQ,5000.0,5400.0,5200.0,27 Jan 2025,Kerala
300,16423,Ernakulam,Piravam,Brinjal,Other,FAQ,5000.0,6000.0,5500.0,28 Nov 2024,Kerala
301,692,Khargone,Bhikangaon,Arhar (Tur/Red Gram)(Whole),Arhar Dal(Tur),FAQ,7373.0,7373.0,7373.0,23 Feb 2025,Madhya Pradesh
302,1275,Chhindwara,Chindwara(F&V),Carrot,Carrot,FAQ,1000.0,1300.0,1200.0,31 Jul 2025,Madhya Pradesh
303,10899,Dhar,Manawar,Maize,Local,FAQ,22.0,2245.0,2200.0,06 Dec 2024,Madhya Pradesh
304,428,Shivpuri,Barad,Groundnut,Big (With Shell),FAQ,4030.0,4030.0,4030.0,28 Jul 2025,Madhya Pradesh
305,3906,Sehore,Sehore(F&V),Cabbage,Cabbage,FAQ,1500.0,2000.0,1800.0,04 Aug 2025,Madhya Pradesh
306,269,Khargone,Bhikangaon,Cotton,Without Ginned Cotton,FAQ,5551.0,7261.0,6700.0,07 Dec 2024,Madhya Pradesh
307,39291,Betul,Multai,Soyabean,Yellow,FAQ,3610.0,3710.0,3610.0,04 Nov 2024,Madhya Pradesh
308,6677,Dewas,Khategaon,Maize,Deshi Red,FAQ,1400.0,2202.0,2100.0,11 Nov 2024,Madhya Pradesh
309,16206,Dewas,Khategaon,Soyabean,Soybean-Organic,FAQ,3077.0,4400.0,4010.0,05 Dec 2024,Madhya Pradesh
310,29737,Narsinghpur,Tendukheda,Soyabean,Soyabeen,FAQ,4065.0,4065.0,4065.0,03 Jun 2025,Madhya Pradesh
311,10570,Rajgarh,Khujner,Mustard,Sarson(Black),FAQ,4700.0,5710.0,5710.0,28 Feb 2025,Madhya Pradesh
312,6550,Dhar,Badnawar,Soyabean,Yellow,FAQ,2900.0,4440.0,4180.0,21 Feb 2025,Madhya Pradesh
313,1077,Badwani,Anjad,Cotton,Without Ginned Cotton,FAQ,6690.0,6940.0,6940.0,17 Jan 2025,Madhya Pradesh
314,21906,Vidisha,Sironj,Maize,Deshi Red,FAQ,2274.0,2274.0,2274.0,10 Jan 2025,Madhya Pradesh
315,3082,Khandwa,Mundi,Cotton,Without Ginned Cotton,FAQ,5361.0,6597.0,6597.0,18 Sep 2024,Madhya Pradesh
316,17609,Morena,Porsa,Mustard,Mustard,FAQ,6650.0,6925.0,6800.0,28 Jul 2025,Madhya Pradesh
317,4881,Guna,Aron,Soyabean,Soyabeen,FAQ,3545.0,4236.0,4166.0,13 Jun 2025,Madhya Pradesh
318,4588,Jabalpur,Jabalpur,Maize,Local,Non-FAQ,2200.0,2200.0,2200.0,25 Mar 2025,Madhya Pradesh
319,3185,Hoshangabad,Banapura,Soyabean,Yellow,FAQ,3500.0,4225.0,4200.0,02 Jun 2025,Madhya Pradesh
320,10222,Sagar,Bina,Soyabean,Soyabeen,FAQ,2750.0,4540.0,4400.0,24 Oct 2024,Madhya Pradesh
321,10976,Guna,Kumbhraj,Maize,Local,FAQ,2240.0,2325.0,2275.0,01 Feb 2025,Madhya Pradesh
322,5641,Narsinghpur,Gotegaon,Lentil (Masur)(Whole),Masur Dal,FAQ,5625.0,5651.0,5650.0,15 Jan 2025,Madhya Pradesh
323,13118,Ashoknagar,Isagarh,Soyabean,Soyabeen,FAQ,4335.0,4335.0,4335.0,30 May 2025,Madhya Pradesh
324,909,Sehore,Ichhawar,Soyabean,Soyabeen,FAQ,3200.0,4441.0,4281.0,09 May 2025,Madhya Pradesh
325,8263,Dindori,Gorakhpur,Maize,Local,FAQ,1900.0,1900.0,1900.0,18 Oct 2024,Madhya Pradesh
326,19,Badwani,Badwani(F&V),Brinjal,Brinjal,FAQ,1200.0,1200.0,1200.0,25 Jul 2025,Madhya Pradesh
327,20187,Harda,Khirakiya,Soyabean,Soyabeen,FAQ,3970.0,4340.0,4340.0,24 Apr 2025,Madhya Pradesh
328,2577,Khargone,Bhikangaon,Cotton,Without Ginned Cotton,FAQ,6500.0,7205.0,6800.0,03 Dec 2024,Madhya Pradesh
329,300,Shivpuri,Barad,Soyabean,Soyabeen,FAQ,3500.0,4601.0,4601.0,11 Aug 2025,Madhya Pradesh
330,510,Sagar,Khurai(F&V),Cabbage,Cabbage,FAQ,400.0,800.0,600.0,13 May 2025,Madhya Pradesh
331,31111,Dhar,Kukshi,Soyabean,Soyabeen,Non-FAQ,4000.0,4015.0,4000.0,07 Feb 2025,Madhya Pradesh
332,40256,Ujjain,Mahidpur(F&V),Soyabean,Soyabeen,Non-FAQ,4000.0,4365.0,4365.0,18 Apr 2025,Madhya Pradesh
333,3204,Jhabua,Thandla,Cotton,Without Ginned Cotton,FAQ,8000.0,9000.0,9000.0,05 Feb 2025,Madhya Pradesh
334,4243,Rajgarh,Biaora,Garlic,Garlic,FAQ,10300.0,12500.0,12500.0,30 Aug 2024,Madhya Pradesh
335,4950,Shivpuri,Khanyadhana,Groundnut,Groundnut seed,FAQ,5720.0,5820.0,5820.0,21 Nov 2024,Madhya Pradesh
336,9738,Rajgarh,Kurawar,Lentil (Masur)(Whole),Organic,FAQ,5000.0,5880.0,5880.0,17 Jan 2025,Madhya Pradesh
337,3696,Khargone,Badwaha,Maize,Local,FAQ,2045.0,2185.0,2185.0,16 Jun 2025,Madhya Pradesh
338,10268,Katni,Katni,Mustard,Mustard,Non-FAQ,4700.0,6341.0,6340.0,23 Jun 2025,Madhya Pradesh
339,42138,Tikamgarh,Tikamgarh(F&V),Soyabean,Black,FAQ,3550.0,3785.0,3700.0,10 Mar 2025,Madhya Pradesh
340,43294,Hoshangabad,Banapura,Soyabean,Yellow,FAQ,3100.0,4125.0,4091.0,20 Dec 2024,Madhya Pradesh
341,22733,Mandsaur,Mandsaur,Soyabean,Soyabeen,Non-FAQ,2900.0,4901.0,4000.0,14 May 2025,Madhya Pradesh
342,9156,Chhatarpur,Bijawar,Soyabean,Soyabeen,FAQ,3900.0,4000.0,4000.0,19 Nov 2024,Madhya Pradesh
343,19794,Ujjain,Mahidpur(F&V),Soyabean,Soyabeen,FAQ,3000.0,4251.0,4200.0,30 Jun 2025,Madhya Pradesh
344,7696,Sehore,Nasrullaganj,Arhar (Tur/Red Gram)(Whole),Arhar Dal(Tur),FAQ,5950.0,5950.0,5950.0,05 Jun 2025,Madhya Pradesh
345,19578,Shivpuri,Badarwas,Mustard,Mustard,Non-FAQ,3405.0,5715.0,5580.0,03 Mar 2025,Madhya Pradesh
346,19056,Rajgarh,Pachaur,Soyabean,Soyabeen,FAQ,2750.0,4695.0,4325.0,07 Nov 2024,Madhya Pradesh
347,4475,Khargone,Sanawad,Cotton,Without Ginned Cotton,FAQ,4485.0,6385.0,5435.0,10 Apr 2025,Madhya Pradesh
348,13041,Sagar,Rahatgarh,Lentil (Masur)(Whole),Local,FAQ,5505.0,6350.0,6350.0,09 Oct 2024,Madhya Pradesh
349,2219,Shivpuri,Barad,Mustard,Mustard,Non-FAQ,5200.0,5632.0,5550.0,22 Mar 2025,Madhya Pradesh
350,6986,Bhopal,Bhopal,Maize,Local,FAQ,2211.0,2340.0,2270.0,13 Nov 2024,Madhya Pradesh
351,44548,Rajgarh,Kurawar,Soyabean,Yellow,FAQ,1705.0,4690.0,3900.0,01 Oct 2024,Madhya Pradesh
352,625,Ratlam,Jawra(F&V),Cauliflower,Cauliflower,FAQ,3000.0,4000.0,3500.0,05 Jun 2025,Madhya Pradesh
353,5341,Hoshangabad,Pipariya,Arhar (Tur/Red Gram)(Whole),Arhar Dal(Tur),FAQ,6900.0,9770.0,9700.0,14 Nov 2024,Madhya Pradesh
354,691,Alirajpur,Alirajpur,Maize,Local,FAQ,1900.0,1900.0,1900.0,27 Mar 2025,Madhya Pradesh
355,22724,Mandsaur,Mandsaur,Soyabean,Soyabeen,FAQ,3208.0,4281.0,4100.0,10 Jun 2025,Madhya Pradesh
356,869,Gwalior,Lashkar,Bajra(Pearl Millet/Cumbu),Millet,FAQ,2400.0,2420.0,2415.0,26 Oct 2024,Madhya Pradesh
357,4715,Dewas,Dewas,Mustard,Mustard,FAQ,6710.0,6710.0,6710.0,20 Jun 2025,Madhya Pradesh
358,16247,Dewas,Sonkatch,Lentil (Masur)(Whole),Masur Dal,FAQ,5780.0,5780.0,5780.0,03 Jul 2025,Madhya Pradesh
359,22234,Mandsaur,Shamgarh,Maize,Local,FAQ,1781.0,2251.0,1876.0,21 Oct 2024,Madhya Pradesh
360,3714,Damoh,Patharia,Arhar (Tur/Red Gram)(Whole),Arhar Dal(Tur),FAQ,5810.0,6650.0,6455.0,04 Feb 2025,Madhya Pradesh
361,30485,Dhar,Rajgarh,Soyabean,Yellow,FAQ,3950.0,4581.0,4290.0,03 Sep 2024,Madhya Pradesh
362,1862,Bhopal,Berasia,Mustard,Sarson(Black),FAQ,5620.0,5695.0,5695.0,13 Sep 2024,Madhya Pradesh
363,16200,Rajgarh,Kurawar,Mustard,Mustard-Organic,FAQ,1305.0,6355.0,6355.0,01 Aug 2025,Madhya Pradesh
364,302,Burhanpur,Burhanpur,Jowar(Sorghum),Jowar (Yellow),FAQ,1701.0,1900.0,1900.0,28 May 2025,Madhya Pradesh
365,1126,Sehore,Sehore(F&V),Cabbage,Cabbage,FAQ,300.0,800.0,500.0,13 May 2025,Madhya Pradesh
366,362,Sehore,Sehore(F&V),Carrot,Carrot,FAQ,1000.0,1400.0,1200.0,26 Mar 2025,Madhya Pradesh
367,6433,Jabalpur,Jabalpur,Lentil (Masur)(Whole),Masur Dal,FAQ,3715.0,6335.0,6000.0,14 Jul 2025,Madhya Pradesh
368,12523,Panna,Panna,Lentil (Masur)(Whole),Masur Dal,FAQ,6415.0,6415.0,6415.0,14 Aug 2025,Madhya Pradesh
369,1262,Shivpuri,Badarwas,Lentil (Masur)(Whole),Masur Dal,Non-FAQ,6030.0,6635.0,6480.0,22 Jul 2025,Madhya Pradesh
370,10070,Neemuch,Manasa,Lentil (Masur)(Whole),Masur Dal,FAQ,5450.0,6100.0,6000.0,01 Oct 2024,Madhya Pradesh
371,3190,Hoshangabad,Banapura,Soyabean,Yellow,FAQ,4040.0,4391.0,4250.0,04 Apr 2025,Madhya Pradesh
372,2932,Sagar,Bina,Lentil (Masur)(Whole),Masur Dal,FAQ,4000.0,6101.0,5912.0,28 Nov 2024,Madhya Pradesh
373,5822,Neemuch,Javad,Garlic,Garlic,FAQ,2800.0,14500.0,6400.0,26 Mar 2025,Madhya Pradesh
374,1468,Alirajpur,Jobat,Cotton,Medium Fiber,FAQ,6900.0,7030.0,6900.0,26 Dec 2024,Madhya Pradesh
375,6874,Damoh,Javera,Maize,Local,FAQ,1980.0,2150.0,2150.0,31 Dec 2024,Madhya Pradesh
376,20547,Jabalpur,Paatan,Maize,Hybrid Red (Cattle Feed),FAQ,2190.0,2190.0,2190.0,15 Oct 2024,Madhya Pradesh
377,1250,Jhabua,Petlawad(F&V),Brinjal,Brinjal,FAQ,700.0,1300.0,970.0,18 Dec 2024,Madhya Pradesh
378,712,Ratlam,Jawra(F&V),Cauliflower,Cauliflower,FAQ,2500.0,4000.0,2800.0,20 Jul 2025,Madhya Pradesh
379,597,Dhar,Dhamnod,Cotton,Without Ginned Cotton,FAQ,3650.0,7020.0,6710.0,18 Sep 2024,Madhya Pradesh
380,3957,Satna,Satna,Arhar (Tur/Red Gram)(Whole),Arhar Dal(Tur),FAQ,8450.0,9700.0,8900.0,03 Sep 2024,Madhya Pradesh
381,2772,Rajgarh,Biaora,Lentil (Masur)(Whole),Masur Dal,Non-FAQ,5850.0,6315.0,6200.0,08 Jun 2025,Madhya Pradesh
382,14961,Shajapur,Susner,Maize,Local,FAQ,2261.0,2300.0,2300.0,27 Nov 2024,Madhya Pradesh
383,14579,Ashoknagar,Piprai,Mustard,Mustard,FAQ,6025.0,6150.0,6150.0,13 May 2025,Madhya Pradesh
384,9036,Dhar,Kukshi,Maize,Local,FAQ,2000.0,2225.0,2200.0,22 Dec 2024,Madhya Pradesh
385,33086,Jhabua,Thandla,Soyabean,Yellow,FAQ,4000.0,4000.0,4000.0,07 Jul 2025,Madhya Pradesh
386,14369,Seoni,Lakhnadon,Maize,Maize/Corn-Organic,FAQ,1998.0,2176.0,2176.0,02 Jan 2025,Madhya Pradesh
387,13011,Shivpuri,Pohari,Mustard,Mustard,FAQ,5460.0,6160.0,5950.0,15 Feb 2025,Madhya Pradesh
388,1735,Jhabua,Petlawad(F&V),Cauliflower,Cauliflower,FAQ,800.0,1700.0,1146.0,03 Apr 2025,Madhya Pradesh
389,3691,Alirajpur,Jobat,Cotton,Without Ginned Cotton,FAQ,6000.0,7200.0,7200.0,05 May 2025,Madhya Pradesh
390,680,Hoshangabad,Hoshangabad(F&V),Green Chilli,Green Chilly,FAQ,1840.0,3160.0,2530.0,15 Mar 2025,Madhya Pradesh
391,1581,Hoshangabad,Hoshangabad(F&V),Green Chilli,Green Chilly,FAQ,1850.0,3080.0,2330.0,28 Mar 2025,Madhya Pradesh
392,71,Chhatarpur,Badamalhera,Groundnut,Big (With Shell),FAQ,3780.0,3820.0,3820.0,23 Jan 2025,Madhya Pradesh
393,26379,Indore,Sanwer,Soyabean,Soyabeen,FAQ,2500.0,4301.0,4154.0,01 Feb 2025,Madhya Pradesh
394,458,Khargone,Bhikangaon,Cotton,Without Ginned Cotton,FAQ,4001.0,7690.0,7690.0,28 Apr 2025,Madhya Pradesh
395,206,Sheopur,Sheopurkalan(F&V),Banana,Other,Medium,2500.0,3000.0,2800.0,19 Oct 2024,Madhya Pradesh
396,31711,Ratlam,Sailana,Soyabean,Soyabeen,FAQ,3591.0,5801.0,4800.0,20 Dec 2024,Madhya Pradesh
397,11412,Guna,Raghogarh,Mustard,Mustard,FAQ,5695.0,5695.0,5695.0,16 May 2025,Madhya Pradesh
398,804,Chhindwara,Chhindwara,Arhar (Tur/Red Gram)(Whole),Arhar Dal(Tur),FAQ,5841.0,6030.0,6030.0,15 May 2025,Madhya Pradesh
399,16627,Khargone,Kasrawad,Maize,Yellow,FAQ,2040.0,2040.0,2040.0,15 May 2025,Madhya Pradesh
400,30037,Shajapur,Susner,Soyabean,Soyabeen,Non-FAQ,4250.0,4250.0,4250.0,28 Apr 2025,Madhya Pradesh
401,5433,Sangrur,Sangrur,Cabbage,Cabbage,FAQ,3000.0,4000.0,3500.0,01 Nov 2024,Punjab
402,343,Nawanshahr,Nawanshahar,Wheat,Medium,FAQ,2280.0,2650.0,2280.0,23 Aug 2024,Punjab
403,11431,Jalandhar,Bilga,Cauliflower,Other,FAQ,1300.0,1500.0,1400.0,10 Mar 2025,Punjab
404,7092,Sangrur,Bhawanigarh,Carrot,Other,FAQ,2400.0,2600.0,2500.0,06 Oct 2024,Punjab
405,4114,Sangrur,Malerkotla,Cabbage,Cabbage,FAQ,200.0,300.0,200.0,19 May 2025,Punjab
406,5152,Hoshiarpur,Mukerian(Talwara),Carrot,Carrot,FAQ,1400.0,1800.0,1600.0,14 Jan 2025,Punjab
407,1319,Bhatinda,Bhagta Bhai Ka,Apple,Other,Medium,3400.0,3400.0,3400.0,25 Oct 2024,Punjab
408,2456,Ludhiana,Ludhiana,Mango,Other,Medium,1800.0,5000.0,3500.0,04 Jul 2025,Punjab
409,4162,Bhatinda,Bhagta Bhai Ka,Cauliflower,Other,FAQ,2800.0,2800.0,2800.0,25 Dec 2024,Punjab
410,666,Mohali,Banur,Cabbage,Other,FAQ,1500.0,1500.0,1500.0,26 Aug 2024,Punjab
411,3334,Patiala,Patiala,Mango,Other,Medium,3800.0,5000.0,3800.0,14 Aug 2025,Punjab
412,8380,Muktsar,Malout,Cabbage,Cabbage,FAQ,2400.0,2800.0,2600.0,09 Jul 2025,Punjab
413,864,Fazilka,Jalalabad,Ginger(Green),Other,FAQ,7500.0,7650.0,7600.0,07 Sep 2024,Punjab
414,1388,Gurdaspur,Dinanagar,Banana,Medium,Medium,3500.0,4000.0,3700.0,24 May 2025,Punjab
415,5488,Jalandhar,Lohian Khas,Bhindi(Ladies Finger),Other,FAQ,1000.0,1200.0,1100.0,31 Aug 2024,Punjab
416,2985,Patiala,Dudhansadhan,Brinjal,Other,FAQ,1800.0,2200.0,2000.0,24 Jan 2025,Punjab
417,2434,Muktsar,Giddarbaha,Cauliflower,Cauliflower,FAQ,3000.0,3500.0,3200.0,26 Sep 2024,Punjab
418,477,Fatehgarh,Bassi Pathana,Cabbage,Cabbage,FAQ,1500.0,1800.0,1600.0,23 Jul 2025,Punjab
419,10086,Sangrur,Sunam,Apple,Other,Large,8000.0,12000.0,10000.0,01 Apr 2025,Punjab
420,5761,Fazilka,Jalalabad,Cauliflower,Other,FAQ,1500.0,1500.0,1500.0,29 May 2025,Punjab
421,13769,Ludhiana,Jagraon,Green Chilli,Other,FAQ,1800.0,2000.0,1900.0,08 Apr 2025,Punjab
422,9504,Hoshiarpur,Dasuya,Brinjal,Other,FAQ,2000.0,2500.0,2250.0,16 Jan 2025,Punjab
423,7325,Bhatinda,Rampuraphul(Nabha Mandi),Green Chilli,Green Chilly,FAQ,2000.0,3500.0,2500.0,28 Jul 2025,Punjab
424,9592,Ludhiana,Khanna,Banana,Other,Medium,1600.0,1600.0,1600.0,07 Oct 2024,Punjab
425,2654,Faridkot,Faridkot,Banana,Banana - Ripe,Large,2600.0,3500.0,3000.0,07 Jun 2025,Punjab
426,3287,Fazilka,Fazilka,Green Chilli,Other,FAQ,1500.0,2500.0,2000.0,11 Dec 2024,Punjab
427,811,Fatehgarh,Bassi Pathana,Apple,Apple,Medium,9000.0,9800.0,9500.0,20 Mar 2025,Punjab
428,6142,Ropar (Rupnagar),Ropar,Garlic,Average,FAQ,20000.0,24000.0,22000.0,17 Oct 2024,Punjab
429,860,Gurdaspur,Gurdaspur,Cabbage,Other,FAQ,1400.0,1600.0,1500.0,16 Oct 2024,Punjab
430,4467,Gurdaspur,Gurdaspur,Garlic,Other,FAQ,5000.0,6000.0,5500.0,08 Aug 2025,Punjab
431,2385,Ferozpur,Ferozepur Cantt.,Garlic,Garlic,FAQ,4400.0,4600.0,4500.0,26 May 2025,Punjab
432,352,Barnala,Barnala,Ginger(Green),Green Ginger,FAQ,4000.0,4500.0,4250.0,14 Sep 2024,Punjab
433,1435,Amritsar,Amritsar(Amritsar Mewa Mandi),Brinjal,Brinjal,FAQ,1000.0,2500.0,2000.0,19 Aug 2024,Punjab
434,5972,Sangrur,Sunam,Green Chilli,Other,FAQ,800.0,2000.0,1200.0,17 May 2025,Punjab
435,3937,Sangrur,Bhawanigarh,Bhindi(Ladies Finger),Other,FAQ,2000.0,2400.0,2200.0,14 Nov 2024,Punjab
436,6062,Hoshiarpur,Hoshiarpur(Sham Churasi),Brinjal,Brinjal,FAQ,1000.0,1500.0,1300.0,01 Jun 2025,Punjab
437,5680,Ferozpur,Firozepur City,Cabbage,Other,FAQ,4000.0,5000.0,4500.0,28 Aug 2024,Punjab
438,16159,Jalandhar,Jalandhar City(Jalandhar),Green Chilli,Green Chilly,FAQ,1000.0,1800.0,1400.0,05 Oct 2024,Punjab
439,748,Moga,Baghapurana,Cabbage,Cabbage,FAQ,400.0,600.0,500.0,09 Jun 2025,Punjab
440,2481,Hoshiarpur,Garh Shankar(Mahalpur),Brinjal,Other,FAQ,500.0,800.0,700.0,11 Dec 2024,Punjab
441,2422,Hoshiarpur,Hoshiarpur,Bhindi(Ladies Finger),Other,FAQ,1800.0,2000.0,1900.0,09 Jul 2025,Punjab
442,15207,Gurdaspur,Sri Har Gobindpur,Green Chilli,Other,FAQ,1800.0,2200.0,2000.0,29 Jun 2025,Punjab
443,8926,Muktsar,Muktsar,Carrot,Carrot,FAQ,500.0,700.0,600.0,10 Feb 2025,Punjab
444,4696,Mohali,Lalru,Garlic,Average,FAQ,10000.0,10000.0,10000.0,06 Mar 2025,Punjab
445,14679,Jalandhar,Phillaur,Cauliflower,Other,FAQ,400.0,400.0,400.0,08 Feb 2025,Punjab
446,13563,Ludhiana,Ludhiana,Green Chilli,Other,FAQ,2500.0,3500.0,3000.0,19 Mar 2025,Punjab
447,5341,Hoshiarpur,Hoshiarpur(Sham Churasi),Bhindi(Ladies Finger),Bhindi,FAQ,2000.0,2200.0,2200.0,04 Jun 2025,Punjab
448,14,Fazilka,Abohar,Mustard,Mustard,FAQ,5200.0,5630.0,5400.0,29 Aug 2024,Punjab
449,3811,Sangrur,Malerkotla,Carrot,Carrot,FAQ,300.0,600.0,500.0,12 Feb 2025,Punjab
450,4329,Jalandhar,Bilga,Brinjal,Other,FAQ,2300.0,2500.0,2400.0,18 Aug 2024,Punjab
451,5433,Muktsar,Muktsar,Apple,Other,Medium,9000.0,15000.0,12000.0,08 May 2025,Punjab
452,330,Nawanshahr,Nawanshahar,Maize,Medium,FAQ,1330.0,2195.0,1800.0,17 Jul 2025,Punjab
453,9560,Ferozpur,Zira,Brinjal,Brinjal,FAQ,1600.0,2000.0,1800.0,20 Sep 2024,Punjab
454,27,Mohali,Banur,Carrot,Other,FAQ,1700.0,1700.0,1700.0,16 Jan 2025,Punjab
455,2868,kapurthala,Bhulath (Nadala),Brinjal,Brinjal,FAQ,1000.0,1100.0,1065.0,30 Apr 2025,Punjab
456,4011,Nawanshahr,Nawan Shahar(Subzi Mandi),Garlic,Other,FAQ,7000.0,7500.0,7300.0,26 May 2025,Punjab
457,813,Sangrur,Dhuri,Banana,Banana - Ripe,Medium,1600.0,2100.0,1800.0,27 Jul 2025,Punjab
458,4974,Ludhiana,Doraha,Cauliflower,Other,FAQ,200.0,200.0,200.0,08 Aug 2025,Punjab
459,6879,Nawanshahr,Nawan Shahar(Subzi Mandi),Apple,Apple,Small,3500.0,4000.0,3800.0,04 Jul 2025,Punjab
460,4370,Gurdaspur,Dinanagar,Cauliflower,Cauliflower,FAQ,700.0,800.0,800.0,22 Feb 2025,Punjab
461,88,Mansa,Budhlada (Phaphre Bhaike),Wheat,Other,FAQ,2425.0,2425.0,2425.0,01 May 2025,Punjab
462,5351,Fazilka,Jalalabad,Banana,Other,Large,3000.0,3200.0,3100.0,24 Jun 2025,Punjab
463,12326,Sangrur,Sunam,Brinjal,Other,FAQ,1200.0,1800.0,1500.0,12 Sep 2024,Punjab
464,4718,Moga,Kot ise Khan,Brinjal,Other,FAQ,800.0,1000.0,900.0,14 Nov 2024,Punjab
465,11504,Amritsar,Rayya,Brinjal,Brinjal,FAQ,1800.0,1800.0,1800.0,14 Sep 2024,Punjab
466,2187,Mohali,Kharar,Mango,Other,Medium,5000.0,5500.0,5200.0,16 May 2025,Punjab
467,5097,kapurthala,Sultanpur,Cauliflower,Other,FAQ,150.0,200.0,200.0,05 Feb 2025,Punjab
468,9939,Ropar (Rupnagar),Ropar,Apple,Kasmir/Shimla - II,Medium,10000.0,12000.0,11000.0,21 May 2025,Punjab
469,3593,Tarntaran,Patti,Banana,Other,Medium,2200.0,2800.0,2500.0,25 Nov 2024,Punjab
470,3597,Sangrur,Sangrur,Carrot,Carrot,FAQ,1200.0,1800.0,1500.0,14 Jul 2025,Punjab
471,3153,Fazilka,Jalalabad,Apple,Other,Large,5000.0,14500.0,5500.0,03 Oct 2024,Punjab
472,5073,Hoshiarpur,Mukerian(Talwara),Cabbage,Cabbage,FAQ,1000.0,1500.0,1250.0,01 Apr 2025,Punjab
473,1149,kapurthala,Bhulath,Green Chilli,Green Chilly,FAQ,3910.0,4000.0,3970.0,10 Jan 2025,Punjab
474,5693,Ludhiana,Khanna,Bhindi(Ladies Finger),Other,FAQ,1000.0,2000.0,1200.0,16 Aug 2024,Punjab
475,11234,Tarntaran,Patti,Brinjal,Other,FAQ,1200.0,1500.0,1400.0,16 Apr 2025,Punjab
476,9975,Patiala,Rajpura,Brinjal,Other,FAQ,900.0,1500.0,1200.0,21 Dec 2024,Punjab
477,10400,Jalandhar,Nakodar,Brinjal,Other,FAQ,800.0,1000.0,950.0,31 Oct 2024,Punjab
478,2128,Gurdaspur,F.G.Churian,Brinjal,Brinjal,FAQ,1300.0,1500.0,1400.0,21 Jun 2025,Punjab
479,2315,Patiala,Patiala,Garlic,Average,FAQ,4000.0,6000.0,5000.0,05 Jun 2025,Punjab
480,588,Sangrur,Bhawanigarh,Ginger(Green),Green Ginger,FAQ,7000.0,7200.0,7100.0,11 May 2025,Punjab
481,10740,Tarntaran,Tarantaran,Brinjal,Other,FAQ,1500.0,2500.0,2000.0,09 Jul 2025,Punjab
482,1117,Nawanshahr,Nawanshahar,Wheat,Medium,FAQ,2627.0,2627.0,2627.0,18 Sep 2024,Punjab
483,14401,Patiala,Patran,Green Chilli,Other,FAQ,1000.0,2500.0,1930.0,07 Aug 2025,Punjab
484,10751,Bhatinda,Bhagta Bhai Ka,Bhindi(Ladies Finger),Bhindi,FAQ,3000.0,3000.0,3000.0,21 Oct 2024,Punjab
485,2350,Sangrur,Dhuri,Apple,Apple,Medium,11000.0,13000.0,12000.0,04 May 2025,Punjab
486,435,Mohali,Banur,Green Chilli,Other,FAQ,1000.0,3300.0,1000.0,27 Feb 2025,Punjab
487,8345,Nawanshahr,Nawan Shahar(Subzi Mandi),Brinjal,Other,FAQ,1500.0,2000.0,1800.0,12 Dec 2024,Punjab
488,6496,Jalandhar,Mehatpur,Green Chilli,Other,FAQ,6000.0,6000.0,6000.0,19 Oct 2024,Punjab
489,15783,Barnala,Barnala,Green Chilli,Other,FAQ,1600.0,2200.0,1800.0,13 Sep 2024,Punjab
490,2908,Jalandhar,Bilga,Bhindi(Ladies Finger),Other,FAQ,2300.0,2500.0,2400.0,07 Aug 2025,Punjab
491,7312,Bhatinda,Talwandi Sabo,Cauliflower,Other,FAQ,600.0,1000.0,800.0,27 Dec 2024,Punjab
492,13327,Bhatinda,Goniana,Cauliflower,Other,FAQ,1000.0,1200.0,1100.0,26 Dec 2024,Punjab
493,7139,Hoshiarpur,Mukerian(Talwara),Banana,Other,Medium,2400.0,3000.0,2700.0,05 May 2025,Punjab
494,2335,Tarntaran,Patti,Garlic,Other,FAQ,6000.0,8000.0,7000.0,14 Feb 2025,Punjab
495,2175,Jalandhar,Bilga,Green Chilli,Other,FAQ,3800.0,4000.0,3900.0,25 Mar 2025,Punjab
496,12288,Fatehgarh,Khamano,Cauliflower,Cauliflower,FAQ,4000.0,4000.0,4000.0,13 Sep 2024,Punjab
497,1083,Bhatinda,Bathinda,Garlic,Average,FAQ,6000.0,8000.0,6000.0,02 May 2025,Punjab
498,9377,Moga,Kot ise Khan,Brinjal,Other,FAQ,800.0,1000.0,900.0,15 Oct 2024,Punjab
499,1226,Sangrur,Dhuri,Apple,Other,Medium,5000.0,7000.0,6000.0,04 Sep 2024,Punjab
500,9358,Mansa,Mansa,Green Chilli,Green Chilly,FAQ,2000.0,3000.0,2500.0,04 Feb 2025,Punjab
501,2490,Baran,Nahargarh,Soyabean,Other,FAQ,4282.0,4695.0,4488.0,08 Aug 2025,Rajasthan
502,8141,Neem Ka Thana,Neem Ka Thana,Bajra(Pearl Millet/Cumbu),Deshi,FAQ,2625.0,2700.0,2650.0,24 Dec 2024,Rajasthan
503,491,Hanumangarh,Bhadara,Garlic,Average,FAQ,7000.0,7000.0,7000.0,15 May 2025,Rajasthan
504,351,Ajmer,Ajmer(F&V),Bhindi(Ladies Finger),Other,FAQ,3000.0,5000.0,4000.0,26 Dec 2024,Rajasthan
505,5051,Kekri,Kekri,Mustard,Other,FAQ,5500.0,5890.0,5726.0,25 Oct 2024,Rajasthan
506,3148,Baran,Kawai Salpura (Atru),Maize,Other,FAQ,2219.0,2366.0,2293.0,07 Jan 2025,Rajasthan
507,1834,Bharatpur,Bhusawar Bair,Bajra(Pearl Millet/Cumbu),Bold,FAQ,2300.0,2400.0,2350.0,08 Oct 2024,Rajasthan
508,18,Ajmer,Ajmer(F&V),Bhindi(Ladies Finger),Other,FAQ,3000.0,5000.0,4200.0,27 Jan 2025,Rajasthan
509,10115,Gangapur City,Gangapur City,Mustard,Other,FAQ,6375.0,6535.0,6455.0,05 Nov 2024,Rajasthan
510,265,Jalore,Jalore,Ginger(Green),Other,FAQ,3500.0,4000.0,3800.0,25 May 2025,Rajasthan
511,5145,Pratapgarh,Chhotisadri,Wheat,Local,FAQ,2770.0,3055.0,2830.0,01 Dec 2024,Rajasthan
512,719,Anupgarh,Jaitsar,Green Gram (Moong)(Whole),Other,FAQ,7251.0,7475.0,7404.0,22 Jan 2025,Rajasthan
513,5113,Udaipur,Fatehnagar,Wheat,Local,FAQ,2450.0,2519.0,2480.0,14 Jun 2025,Rajasthan
514,120,Ajmer,Ajmer(F&V),Carrot,Other,FAQ,1500.0,2000.0,1800.0,04 Jun 2025,Rajasthan
515,822,Anupgarh,Anupgarh,Wheat,Dara,Non-FAQ,2515.0,2646.0,2585.0,02 Aug 2025,Rajasthan
516,6382,Dudu,Dudu,Mustard,Big 100 Kg,Non-FAQ,6900.0,7100.0,7000.0,31 Jul 2025,Rajasthan
517,4068,Baran,Kawai Salpura (Atru),Soyabean,Other,FAQ,4050.0,4585.0,4318.0,03 Sep 2024,Rajasthan
518,19911,Chittorgarh,Nimbahera,Mustard,Other,FAQ,5100.0,5671.0,5385.0,05 Mar 2025,Rajasthan
519,19019,Gangapur City,Gangapur City,Wheat,Other,FAQ,2825.0,2900.0,2862.0,28 Dec 2024,Rajasthan
520,2735,Pratapgarh,Pratapgarh,Garlic,Other,FAQ,2000.0,5400.0,4760.0,10 Mar 2025,Rajasthan
521,3986,Bikaner,Khajuwala,Cotton,Other,FAQ,7400.0,7440.0,7420.0,04 Jan 2025,Rajasthan
522,490,Jaipur,Jaipur (F&V),Cauliflower,African Sarson,FAQ,500.0,700.0,600.0,19 Mar 2025,Rajasthan
523,5270,Bundi,Sumerganj,Soyabean,Other,FAQ,4490.0,4691.0,4691.0,05 Nov 2024,Rajasthan
524,2637,Jhalawar,Iklera,Maize,Other,FAQ,2280.0,2440.0,2360.0,15 Jan 2025,Rajasthan
525,11719,Bikaner,Khajuwala,Mustard,Other,FAQ,5651.0,6500.0,6290.0,28 Sep 2024,Rajasthan
526,12277,Baran,Nahargarh,Wheat,Other,FAQ,2335.0,2731.0,2533.0,10 Mar 2025,Rajasthan
527,1712,Jodhpur,Jodhpur (F&V),Apple,Other,Medium,2500.0,6500.0,4500.0,18 Oct 2024,Rajasthan
528,4502,Pratapgarh,Pratapgarh,Maize,Other,FAQ,2250.0,2450.0,2300.0,20 Mar 2025,Rajasthan
529,10961,Anupgarh,Rawla,Mustard,Other,FAQ,5850.0,6180.0,6015.0,29 May 2025,Rajasthan
530,5245,Anupgarh,Jaitsar,Green Gram (Moong)(Whole),Other,FAQ,6000.0,7304.0,7184.0,08 Nov 2024,Rajasthan
531,10275,Hanumangarh,Hanumangarh,Mustard,Other,Non-FAQ,5921.0,6204.0,6092.0,26 May 2025,Rajasthan
532,19102,Karauli,Hindoun,Wheat,Other,FAQ,2971.0,3080.0,3026.0,20 Feb 2025,Rajasthan
533,21673,Bharatpur,Bhusawar Bair,Mustard,Other,FAQ,5616.0,6100.0,5858.0,16 May 2025,Rajasthan
534,11251,Beawar,Beawar,Wheat,Other,FAQ,2800.0,3200.0,3000.0,05 Mar 2025,Rajasthan
535,904,Bikaner,Khajuwala,Groundnut,Balli/Habbu,FAQ,4300.0,5351.0,4800.0,21 Dec 2024,Rajasthan
536,1079,Bikaner,Bikaner (F&V),Carrot,Other,FAQ,1300.0,1500.0,1400.0,10 Sep 2024,Rajasthan
537,354,Jalore,Bhinmal,Green Gram (Moong)(Whole),Other,FAQ,6400.0,6725.0,6563.0,11 Nov 2024,Rajasthan
538,1438,Ajmer,Madanganj Kishangarh,Jowar(Sorghum),Other,FAQ,2300.0,2929.0,2300.0,04 Oct 2024,Rajasthan
539,65,Baran,Baran,Maize,Other,FAQ,2030.0,2675.0,2341.0,16 Nov 2024,Rajasthan
540,4801,Tonk,Dooni,Bajra(Pearl Millet/Cumbu),Bold,FAQ,2170.0,2294.0,2232.0,30 Apr 2025,Rajasthan
541,9316,Bundi,Keshoraipatan,Wheat,Other,FAQ,2700.0,2700.0,2700.0,18 Sep 2024,Rajasthan
542,19084,Hanumangarh,Hanumangarh Town,Wheat,Other,Non-FAQ,2527.0,2640.0,2618.0,03 Jun 2025,Rajasthan
543,13321,Jhunjhunu,Nawalgarh,Mustard,Other,FAQ,5800.0,6000.0,5900.0,11 Jun 2025,Rajasthan
544,1288,Beawar,Beawar,Mustard,Other,FAQ,5500.0,5600.0,5550.0,15 May 2025,Rajasthan
545,6001,Baran,Nahargarh,Wheat,Other,FAQ,2340.0,2685.0,2512.0,21 Mar 2025,Rajasthan
546,1432,Kota,Kota (F&V),Banana,Other,Medium,1800.0,2000.0,1900.0,23 May 2025,Rajasthan
547,1315,Ganganagar,Sriganganagar (F&V),Banana,Other,Medium,2600.0,3000.0,2800.0,05 May 2025,Rajasthan
548,997,Pratapgarh,Pratapgarh,Lentil (Masur)(Whole),Other,FAQ,5300.0,6041.0,5670.0,23 Dec 2024,Rajasthan
549,198,Jalore,Jalore,Ginger(Green),Other,FAQ,3500.0,3800.0,3700.0,07 Jul 2025,Rajasthan
550,46,Ajmer,Madanganj Kishangarh,Jowar(Sorghum),Other,FAQ,1700.0,3376.0,2826.0,17 Jun 2025,Rajasthan
551,5139,Chittorgarh,Nimbahera,Soyabean,Soyabeen,FAQ,3786.0,4239.0,4012.0,07 Feb 2025,Rajasthan
552,1872,Ganganagar,Sriganganagar (F&V),Cauliflower,Other,FAQ,900.0,1100.0,1000.0,11 Apr 2025,Rajasthan
553,571,Bharatpur,Bayana,Bajra(Pearl Millet/Cumbu),Other,FAQ,2290.0,2350.0,2320.0,21 Feb 2025,Rajasthan
554,644,Bikaner,Bikaner (F&V),Carrot,Other,FAQ,1500.0,1700.0,1600.0,15 May 2025,Rajasthan
555,2459,Bikaner,Lunkaransar,Groundnut,Other,FAQ,4500.0,6000.0,5250.0,05 Nov 2024,Rajasthan
556,225,Baran,Baran,Green Gram (Moong)(Whole),Other,Non-FAQ,5000.0,5000.0,5000.0,19 Mar 2025,Rajasthan
557,719,Alwar,Alwar,Cotton,Other,FAQ,5500.0,7175.0,7100.0,06 Jan 2025,Rajasthan
558,17056,Pratapgarh,Pratapgarh,Wheat,Other,FAQ,2300.0,2670.0,2400.0,03 Apr 2025,Rajasthan
559,5937,Tonk,Deoli,Bajra(Pearl Millet/Cumbu),Other,FAQ,2380.0,2540.0,2460.0,04 Nov 2024,Rajasthan
560,3993,Kekri,Kekri,Mustard,Other,Non-FAQ,4100.0,5995.0,5625.0,27 Mar 2025,Rajasthan
561,4276,Jhalawar,Khanpur,Mustard,Other,FAQ,5500.0,5963.0,5801.0,10 Dec 2024,Rajasthan
562,15549,Jhunjhunu,Chirawa,Mustard,Other,FAQ,5900.0,6050.0,6000.0,22 May 2025,Rajasthan
563,1702,Jodhpur,Jodhpur(F&V)(Paota),Cauliflower,Other,FAQ,2000.0,2500.0,2300.0,25 Apr 2025,Rajasthan
564,3499,Bundi,Dei,Maize,Other,FAQ,2250.0,2250.0,2250.0,17 Dec 2024,Rajasthan
565,15674,Dholpur,Dholpur,Mustard,Other,FAQ,6020.0,6060.0,6040.0,24 Dec 2024,Rajasthan
566,387,Jodhpur,Jodhpur(F&V)(Paota),Carrot,Other,FAQ,1000.0,1800.0,1500.0,22 Jul 2025,Rajasthan
567,5021,Alwar,Kherli,Bajra(Pearl Millet/Cumbu),Other,Non-FAQ,2350.0,2450.0,2370.0,10 Feb 2025,Rajasthan
568,64,Jaipur Rural,Bagru,Green Gram (Moong)(Whole),Other,FAQ,6500.0,7000.0,6750.0,22 Sep 2024,Rajasthan
569,1444,Bharatpur,Bayana,Bajra(Pearl Millet/Cumbu),Other,FAQ,2300.0,2450.0,2350.0,06 Nov 2024,Rajasthan
570,7795,Tonk,Deoli,Wheat,Other,FAQ,2325.0,2471.0,2398.0,07 Apr 2025,Rajasthan
571,2728,Bikaner,Pugal Road (Grain),Groundnut,Other,Non-FAQ,4802.0,6102.0,5452.0,30 May 2025,Rajasthan
572,2128,Jaipur Rural,Chomu (Grain),Bajra(Pearl Millet/Cumbu),Other,Non-FAQ,2270.0,2270.0,2270.0,04 Apr 2025,Rajasthan
573,1129,Jhalawar,Khanpur,Garlic,Average,FAQ,2000.0,11000.0,5610.0,16 Apr 2025,Rajasthan
574,938,Bikaner,Bikaner (F&V),Green Chilli,Other,FAQ,1900.0,2100.0,2000.0,04 Mar 2025,Rajasthan
575,5005,Bundi,Keshoraipatan,Soyabean,Other,Non-FAQ,3800.0,4450.0,4430.0,23 Jun 2025,Rajasthan
576,205,Jhalawar,Bhawani Mandi,Lentil (Masur)(Whole),Other,FAQ,6050.0,6151.0,6101.0,24 Apr 2025,Rajasthan
577,5355,Tonk,Dooni,Wheat,147 Average,FAQ,2374.0,2393.0,2384.0,07 Jun 2025,Rajasthan
578,15132,Anupgarh,Sri Vijayanagar,Wheat,Other,FAQ,2581.0,2610.0,2593.0,13 Sep 2024,Rajasthan
579,21121,Ganganagar,Suratgarh,Mustard,Other,FAQ,6208.0,6229.0,6210.0,28 Jun 2025,Rajasthan
580,2717,Ganganagar,Suratgarh,Cotton,American,FAQ,7235.0,7400.0,7315.0,18 Mar 2025,Rajasthan
581,16963,Pali,Sumerpur,Mustard,Other,FAQ,5711.0,5711.0,5711.0,31 Jan 2025,Rajasthan
582,4002,Anupgarh,Raisingh Nagar,Green Gram (Moong)(Whole),Other,FAQ,7150.0,7740.0,7270.0,04 Feb 2025,Rajasthan
583,22461,Jhunjhunu,Nawalgarh,Mustard,Other,FAQ,5400.0,5600.0,5500.0,07 Sep 2024,Rajasthan
584,5492,Beawar,Vijaynagar,Green Gram (Moong)(Whole),Other,FAQ,5250.0,6350.0,6050.0,23 Sep 2024,Rajasthan
585,18551,Ganganagar,Suratgarh,Wheat,Other,FAQ,2500.0,2575.0,2558.0,08 Jul 2025,Rajasthan
586,609,Hanumangarh,Bhadara,Garlic,Average,FAQ,7000.0,7000.0,7000.0,26 May 2025,Rajasthan
587,1445,Alwar,Alwar (F&V),Green Chilli,Green Chilly,FAQ,2200.0,3200.0,2800.0,04 Sep 2024,Rajasthan
588,3214,Udaipur,Udaipur (Grain),Soyabean,Other,FAQ,3950.0,4350.0,4150.0,24 Jun 2025,Rajasthan
589,258,Alwar,Alwar (F&V),Bhindi(Ladies Finger),Other,FAQ,2400.0,3400.0,3000.0,17 Dec 2024,Rajasthan
590,3098,Udaipur,Udaipur (Grain),Maize,Yellow,Non-FAQ,1950.0,2230.0,2080.0,26 Jun 2025,Rajasthan
591,13461,Alwar,Kherli,Mustard,Other,FAQ,6515.0,7075.0,6920.0,22 Jul 2025,Rajasthan
592,1386,Alwar,Barodamev,Mustard,Other,Non-FAQ,5499.0,6100.0,5820.0,06 May 2025,Rajasthan
593,43,Hanumangarh,Bhadara,Garlic,Average,FAQ,5500.0,6000.0,5750.0,12 May 2025,Rajasthan
594,598,Baran,Atru,Mustard,Other,FAQ,6350.0,6601.0,6475.0,10 Jul 2025,Rajasthan
595,5150,Jhalawar,Khanpur,Green Gram (Moong)(Whole),Other,FAQ,6326.0,6701.0,6470.0,07 Jun 2025,Rajasthan
596,2643,Hanumangarh,Rawatsar,Cotton,American,FAQ,7600.0,7600.0,7600.0,19 Apr 2025,Rajasthan
597,3090,Bharatpur,Bhusawar Bair,Mustard,Other,FAQ,5600.0,6000.0,5800.0,03 Apr 2025,Rajasthan
598,16658,Hanumangarh,Goluwala,Wheat,147 Best,FAQ,2800.0,2800.0,2800.0,08 Nov 2024,Rajasthan
599,22628,Kota,Ramganjmandi,Mustard,Other,FAQ,6100.0,6601.0,6401.0,30 Sep 2024,Rajasthan
600,1419,Jaipur,Jaipur (F&V),Apple,Other,Medium,5000.0,15000.0,10000.0,05 Jun 2025,Rajasthan
601,40551,Sitapur,Sitapur,Wheat,Dara,FAQ,2450.0,2500.0,2470.0,30 Jun 2025,Uttar Pradesh
602,11131,Kannuj,Chhibramau,Cabbage,Cabbage,FAQ,1150.0,1250.0,1200.0,11 Jan 2025,Uttar Pradesh
603,8722,Shamli,Shamli,Garlic,Garlic,FAQ,9600.0,9800.0,9700.0,20 Feb 2025,Uttar Pradesh
604,30879,Pillibhit,Pilibhit,Wheat,Dara,FAQ,2520.0,2600.0,2565.0,17 Sep 2024,Uttar Pradesh
605,9806,Bhadohi(Sant Ravi Nagar),Gopiganj,Gur(Jaggery),Red,FAQ,4650.0,4750.0,4700.0,01 Mar 2025,Uttar Pradesh
606,38307,Kanpur Dehat,Pukharayan,Wheat,Dara,Non-FAQ,2430.0,2450.0,2440.0,26 Jul 2025,Uttar Pradesh
607,12319,Hathras,Haathras,Banana,Banana - Ripe,Medium,2500.0,2750.0,2620.0,01 Jan 2025,Uttar Pradesh
608,9477,Auraiya,Auraiya,Green Chilli,Green Chilly,FAQ,1800.0,2060.0,1960.0,12 Dec 2024,Uttar Pradesh
609,9090,Kannuj,Kannauj,Apple,Delicious,Medium,7100.0,7300.0,7200.0,20 Nov 2024,Uttar Pradesh
610,1497,Auraiya,Achalda,Wheat,Dara,FAQ,2900.0,3050.0,2970.0,13 Jan 2025,Uttar Pradesh
611,12119,Ayodhya,Faizabad,Apple,Apple,Large,12600.0,13300.0,12800.0,30 Jun 2025,Uttar Pradesh
612,14569,Jaunpur,Mugrabaadshahpur,Mustard,Sarson(Black),FAQ,5565.0,5765.0,5665.0,03 Sep 2024,Uttar Pradesh
613,572,Banda,Banda,Bhindi(Ladies Finger),Bhindi,FAQ,2600.0,2710.0,2660.0,07 Apr 2025,Uttar Pradesh
614,20884,Shahjahanpur,Tilhar,Banana,Banana - Ripe,Medium,2470.0,2570.0,2520.0,13 Jan 2025,Uttar Pradesh
615,7701,Kannuj,Chhibramau,Green Chilli,Green Chilly,FAQ,2450.0,2550.0,2500.0,19 Jan 2025,Uttar Pradesh
616,21890,Ghaziabad,Ghaziabad,Wheat,Dara,FAQ,2510.0,2530.0,2520.0,19 Jun 2025,Uttar Pradesh
617,13817,Jaunpur,Jaunpur,Green Chilli,Green Chilly,FAQ,3550.0,3610.0,3575.0,19 Aug 2024,Uttar Pradesh
618,24973,Pillibhit,Pilibhit,Ginger(Green),Green Ginger,FAQ,4040.0,4100.0,4085.0,05 Jun 2025,Uttar Pradesh
619,4634,Aligarh,Aligarh,Cauliflower,Cauliflower,FAQ,1350.0,1500.0,1420.0,25 Apr 2025,Uttar Pradesh
620,19237,Fatehpur,Khaga,Cauliflower,Cauliflower,FAQ,860.0,1000.0,900.0,28 Mar 2025,Uttar Pradesh
621,20356,Unnao,Purwa,Cauliflower,Cauliflower,FAQ,1725.0,1825.0,1775.0,11 Dec 2024,Uttar Pradesh
622,5654,Amroha,Hasanpur,Brinjal,Arkasheela Mattigulla,FAQ,1410.0,1500.0,1450.0,14 Jul 2025,Uttar Pradesh
623,41004,Firozabad,Firozabad,Brinjal,Brinjal,FAQ,1735.0,1925.0,1840.0,24 Aug 2024,Uttar Pradesh
624,20297,Gautam Budh Nagar,Dankaur,Ginger(Green),Green Ginger,FAQ,3600.0,3800.0,3725.0,23 Mar 2025,Uttar Pradesh
625,21691,Kasganj,Kasganj,Brinjal,Round,FAQ,800.0,1100.0,970.0,07 Mar 2025,Uttar Pradesh
626,11535,Mainpuri,Mainpuri,Ginger(Green),Green Ginger,FAQ,3450.0,3560.0,3500.0,26 Apr 2025,Uttar Pradesh
627,21800,Bulandshahar,Buland Shahr,Banana,Amruthapani,Medium,4000.0,4200.0,4100.0,26 Jul 2025,Uttar Pradesh
628,1834,Agra,Fatehabad,Bajra(Pearl Millet/Cumbu),Hybrid,FAQ,2000.0,2500.0,2500.0,20 Sep 2024,Uttar Pradesh
629,40582,Kanpur,Choubepur,Green Chilli,Green Chilly,FAQ,4100.0,4300.0,4200.0,13 Sep 2024,Uttar Pradesh
630,3275,Aligarh,Khair,Bhindi(Ladies Finger),Bhindi,FAQ,1100.0,1500.0,1200.0,21 Oct 2024,Uttar Pradesh
631,37716,Farukhabad,Mohamadabad,Wheat,Dara,FAQ,2450.0,2470.0,2460.0,12 Jul 2025,Uttar Pradesh
632,9393,Jaunpur,Jaunpur,Ginger(Green),Green Ginger,FAQ,5750.0,5850.0,5800.0,21 Sep 2024,Uttar Pradesh
633,29451,Farukhabad,Mohamadabad,Apple,Delicious,Medium,11750.0,11950.0,11850.0,15 Jun 2025,Uttar Pradesh
634,9201,Fatehpur,Bindki,Brinjal,Round/Long,FAQ,1470.0,1560.0,1520.0,26 Nov 2024,Uttar Pradesh
635,4618,Kanpur,Kanpur(Grain),Lentil (Masur)(Whole),Kala Masoor New,FAQ,6020.0,6130.0,6080.0,10 Sep 2024,Uttar Pradesh
636,34915,Ghaziabad,Hapur,Wheat,Dara,FAQ,2800.0,2900.0,2820.0,10 Dec 2024,Uttar Pradesh
637,1696,Ambedkarnagar,Akbarpur,Ginger(Green),Green Ginger,FAQ,8400.0,8500.0,8450.0,02 Sep 2024,Uttar Pradesh
638,2321,Prayagraj,Allahabad,Green Chilli,Green Chilly,FAQ,1600.0,1800.0,1700.0,08 Jan 2025,Uttar Pradesh
639,17794,Barabanki,Safdarganj,Apple,Delicious,Medium,8250.0,8350.0,8300.0,05 Sep 2024,Uttar Pradesh
640,21994,Maharajganj,Partaval,Green Chilli,Green Chilly,FAQ,3240.0,3390.0,3315.0,21 Jul 2025,Uttar Pradesh
641,42521,Kanpur,Uttaripura,Green Chilli,Green Chilly,FAQ,2750.0,2950.0,2850.0,02 May 2025,Uttar Pradesh
642,15309,Pillibhit,Vishalpur,Cauliflower,Cauliflower,FAQ,770.0,790.0,780.0,23 Feb 2025,Uttar Pradesh
643,18657,Shamli,Shamli,Garlic,Garlic,FAQ,18800.0,18900.0,18850.0,15 Jan 2025,Uttar Pradesh
644,15664,Shamli,Khandhla,Cabbage,Cabbage,FAQ,450.0,500.0,475.0,24 Apr 2025,Uttar Pradesh
645,725,Badaun,Badayoun,Green Chilli,Green Chilly,FAQ,2040.0,2180.0,2100.0,13 Jun 2025,Uttar Pradesh
646,4244,Barabanki,Barabanki,Green Chilli,Green Chilly,FAQ,4100.0,4200.0,4160.0,09 Nov 2024,Uttar Pradesh
647,15954,Hardoi,Hardoi,Gur(Jaggery),Yellow,FAQ,4270.0,4330.0,4300.0,20 Sep 2024,Uttar Pradesh
648,18990,Kanpur,Kanpur(Grain),Apple,Delicious,Medium,7350.0,7550.0,7450.0,07 Dec 2024,Uttar Pradesh
649,303,Jalaun (Orai),Ait,Wheat,Dara,FAQ,2820.0,2866.0,2840.0,19 Nov 2024,Uttar Pradesh
650,9665,Auraiya,Achalda,Cabbage,Cabbage,FAQ,1500.0,1720.0,1620.0,12 Jul 2025,Uttar Pradesh
651,10728,Auraiya,Dibiapur,Green Chilli,Green Chilly,FAQ,2800.0,3000.0,2900.0,03 Dec 2024,Uttar Pradesh
652,20009,Fatehpur,Bindki,Green Chilli,Green Chilly,FAQ,3000.0,4800.0,4000.0,29 Oct 2024,Uttar Pradesh
653,2969,Amroha,Hasanpur,Mango,Badami,Medium,1410.0,1500.0,1450.0,18 Jun 2025,Uttar Pradesh
654,40478,Chandauli,Chandoli,Green Chilli,Green Chilly,FAQ,1600.0,1700.0,1650.0,18 Dec 2024,Uttar Pradesh
655,33221,Sitapur,Viswan,Wheat,Dara,FAQ,2530.0,2570.0,2550.0,28 Sep 2024,Uttar Pradesh
656,21568,Meerut,Sardhana,Gur(Jaggery),Yellow,FAQ,3300.0,3500.0,3400.0,20 Oct 2024,Uttar Pradesh
657,9362,Fatehpur,Fatehpur,Wheat,Dara,FAQ,2425.0,2570.0,2500.0,21 Jul 2025,Uttar Pradesh
658,16300,Bahraich,Bahraich,Apple,Kasmir/Shimla - II,Medium,11750.0,12300.0,12000.0,28 Jul 2025,Uttar Pradesh
659,5351,Etawah,Etawah,Banana,Banana - Ripe,Medium,2700.0,3000.0,2900.0,03 Jul 2025,Uttar Pradesh
660,656,Auraiya,Auraiya,Green Chilli,Green Chilly,FAQ,3400.0,3650.0,3550.0,21 Apr 2025,Uttar Pradesh
661,16014,Ballia,Chitwadagaon,Garlic,Average,FAQ,6400.0,6480.0,6440.0,25 Apr 2025,Uttar Pradesh
662,24018,Kanpur Dehat,Pukharayan,Ginger(Green),Green Ginger,FAQ,5980.0,6020.0,6000.0,26 Nov 2024,Uttar Pradesh
663,44373,Mathura,Mathura,Wheat,Dara,FAQ,2520.0,2575.0,2540.0,31 Jul 2025,Uttar Pradesh
664,5600,Jaunpur,Mugrabaadshahpur,Cabbage,Cabbage,FAQ,880.0,1080.0,980.0,22 Apr 2025,Uttar Pradesh
665,27770,Ballia,Vilthararoad,Green Chilli,Green Chilly,FAQ,1700.0,1800.0,1750.0,31 Jan 2025,Uttar Pradesh
666,41134,Gorakhpur,Gorakhpur,Brinjal,Round/Long,FAQ,1250.0,1350.0,1300.0,11 Feb 2025,Uttar Pradesh
667,3826,Gautam Budh Nagar,Dankaur,Cauliflower,Cauliflower,FAQ,3400.0,3620.0,3500.0,20 Aug 2024,Uttar Pradesh
668,20545,Mainpuri,Bewar,Wheat,Dara,FAQ,2450.0,2550.0,2500.0,31 Mar 2025,Uttar Pradesh
669,15626,Jhansi,Mauranipur,Gur(Jaggery),Yellow,FAQ,4450.0,4800.0,4650.0,26 Oct 2024,Uttar Pradesh
670,17073,Khiri (Lakhimpur),Tikonia,Bhindi(Ladies Finger),Bhindi,FAQ,2160.0,2250.0,2190.0,02 Dec 2024,Uttar Pradesh
671,15842,Shahjahanpur,Tilhar,Gur(Jaggery),Pathari,FAQ,4000.0,4100.0,4050.0,07 Mar 2025,Uttar Pradesh
672,32,Lalitpur,Lalitpur,Soyabean,Yellow,FAQ,4120.0,4300.0,4260.0,25 Sep 2024,Uttar Pradesh
673,11666,Maharajganj,Nautnava,Apple,Delicious,Medium,8300.0,8500.0,8400.0,19 Jun 2025,Uttar Pradesh
674,36132,Badaun,Shahaswan,Brinjal,Brinjal,FAQ,900.0,1100.0,1000.0,23 Apr 2025,Uttar Pradesh
675,8701,Saharanpur,Chutmalpur,Green Chilli,Green Chilly,FAQ,1800.0,2000.0,1900.0,23 Jan 2025,Uttar Pradesh
676,34694,Shamli,Thanabhavan,Green Chilli,Green Chilly,FAQ,2300.0,2700.0,2500.0,07 Feb 2025,Uttar Pradesh
677,23280,Barabanki,Safdarganj,Gur(Jaggery),Yellow,FAQ,4200.0,4300.0,4250.0,14 Jan 2025,Uttar Pradesh
678,1755,Balrampur,Balrampur,Lentil (Masur)(Whole),Masur Dal,FAQ,7050.0,7260.0,7150.0,25 Feb 2025,Uttar Pradesh
679,19292,Khiri (Lakhimpur),Tikonia,Apple,Delicious,Medium,8340.0,8590.0,8460.0,19 Apr 2025,Uttar Pradesh
680,12120,Gorakhpur,Gorakhpur,Green Chilli,Green Chilly,FAQ,3750.0,3850.0,3800.0,08 Oct 2024,Uttar Pradesh
681,21338,Kanpur,Varipaal,Banana,Banana - Ripe,Medium,1500.0,1800.0,1600.0,02 Feb 2025,Uttar Pradesh
682,25049,Shamli,Shamli,Gur(Jaggery),Yellow,FAQ,4530.0,4600.0,4570.0,21 Aug 2024,Uttar Pradesh
683,7464,Jaunpur,Jaunpur,Carrot,Carrot,FAQ,1470.0,1530.0,1500.0,09 Jan 2025,Uttar Pradesh
684,250,Aligarh,Atrauli,Bajra(Pearl Millet/Cumbu),Hybrid,FAQ,2200.0,2300.0,2250.0,12 Mar 2025,Uttar Pradesh
685,5550,Bulandshahar,Gulavati,Brinjal,Other,FAQ,700.0,900.0,800.0,20 Mar 2025,Uttar Pradesh
686,6486,Bareilly,Bareilly,Wheat,Dara,FAQ,2850.0,3000.0,2925.0,30 Jan 2025,Uttar Pradesh
687,15914,Jalaun (Orai),Orai,Mustard,Sarson(Black),FAQ,5800.0,5900.0,5850.0,21 Dec 2024,Uttar Pradesh
688,18941,Firozabad,Tundla,Cabbage,Cabbage,FAQ,585.0,625.0,600.0,24 Feb 2025,Uttar Pradesh
689,10321,Etawah,Etawah,Gur(Jaggery),Red,FAQ,3950.0,4250.0,4150.0,06 Sep 2024,Uttar Pradesh
690,4821,Banda,Banda,Apple,Kasmir/Shimla - II,Medium,6900.0,7100.0,7000.0,01 Dec 2024,Uttar Pradesh
691,37070,Gonda,Nawabganj,Green Chilli,Green Chilly,FAQ,2260.0,2350.0,2310.0,26 Jun 2025,Uttar Pradesh
692,20353,Gautam Budh Nagar,Dankaur,Wheat,Dara,FAQ,2745.0,2955.0,2840.0,07 Feb 2025,Uttar Pradesh
693,37963,Unnao,Purwa,Wheat,Dara,FAQ,2575.0,2615.0,2590.0,05 Sep 2024,Uttar Pradesh
694,23130,Shahjahanpur,Tilhar,Banana,Banana - Ripe,Medium,2740.0,2840.0,2790.0,05 May 2025,Uttar Pradesh
695,3472,Etawah,Bharthna,Mustard,Lohi Black,FAQ,6950.0,7050.0,7000.0,08 Aug 2025,Uttar Pradesh
696,22475,Jaunpur,Mugrabaadshahpur,Gur(Jaggery),Red,FAQ,4545.0,4745.0,4645.0,18 Jun 2025,Uttar Pradesh
697,2157,Saharanpur,Saharanpur,Arhar (Tur/Red Gram)(Whole),Desi(Whole),FAQ,10350.0,10750.0,10550.0,28 Nov 2024,Uttar Pradesh
698,16418,Kannuj,Kannauj,Brinjal,Round,FAQ,1600.0,1700.0,1650.0,12 Dec 2024,Uttar Pradesh
699,29817,Raebarelli,Raibareilly,Apple,Kasmir/Shimla - II,Medium,6960.0,7025.0,7000.0,29 Oct 2024,Uttar Pradesh
700,15926,Mirzapur,Mirzapur,Ginger(Green),Green Ginger,FAQ,4625.0,4715.0,4665.0,30 Dec 2024,Uttar Pradesh
701,3140,Purba Bardhaman,Burdwan,Green Chilli,Green Chilly,FAQ,3000.0,3200.0,3000.0,12 Jan 2025,West Bengal
702,12797,Murshidabad,Lalbagh,Brinjal,Other,FAQ,3250.0,3360.0,3300.0,29 May 2025,West Bengal
703,2732,Jalpaiguri,Belacoba,Brinjal,Other,FAQ,2300.0,2500.0,2400.0,12 Apr 2025,West Bengal
704,7433,Jalpaiguri,Jalpaiguri Sadar,Green Chilli,Green Chilly,FAQ,2000.0,2200.0,2100.0,16 Apr 2025,West Bengal
705,9971,Coochbehar,Mekhliganj,Green Chilli,Green Chilly,FAQ,3000.0,3500.0,3250.0,17 May 2025,West Bengal
706,2360,Paschim Bardhaman,Durgapur,Wheat,Kalyan,FAQ,2700.0,3000.0,2850.0,21 Jul 2025,West Bengal
707,7015,Coochbehar,Haldibari,Green Chilli,Green Chilly,FAQ,7600.0,8000.0,7700.0,04 Sep 2024,West Bengal
708,5827,Medinipur(W),Garbeta(Medinipur),Green Chilli,Green Chilly,FAQ,4700.0,5000.0,4800.0,18 May 2025,West Bengal
709,3895,Purba Bardhaman,Katwa,Mustard,Yellow (Black),FAQ,5900.0,6100.0,6000.0,09 Jun 2025,West Bengal
710,837,Jalpaiguri,Belacoba,Cabbage,Cabbage,FAQ,2400.0,2600.0,2500.0,05 Dec 2024,West Bengal
711,10795,Hooghly,Kalipur,Brinjal,Brinjal,FAQ,3600.0,4000.0,3800.0,25 Apr 2025,West Bengal
712,4486,Nadia,Nadia,Mustard,Yellow (Black),FAQ,5900.0,6000.0,5900.0,06 Dec 2024,West Bengal
713,4967,Birbhum,Rampurhat,Mustard,Mustard,FAQ,6500.0,6700.0,6600.0,27 Sep 2024,West Bengal
714,1195,Darjeeling,Darjeeling,Cabbage,Other,FAQ,3200.0,3400.0,3300.0,05 Dec 2024,West Bengal
715,3906,Purba Bardhaman,Katwa,Mustard,Yellow (Black),FAQ,5900.0,6100.0,6000.0,12 May 2025,West Bengal
716,4982,Birbhum,Rampurhat,Mustard,Mustard,FAQ,6600.0,6700.0,6650.0,28 Apr 2025,West Bengal
717,3841,Birbhum,Rampurhat,Wheat,Sonalika,FAQ,2400.0,2600.0,2500.0,23 Aug 2024,West Bengal
718,2738,Birbhum,Bolpur,Green Chilli,Green Chilly,FAQ,3300.0,3500.0,3400.0,19 Dec 2024,West Bengal
719,4013,Uttar Dinajpur,Kaliaganj,Wheat,Local,FAQ,2500.0,2700.0,2600.0,07 May 2025,West Bengal
720,10300,Jalpaiguri,Jalpaiguri Sadar,Brinjal,Round/Long,FAQ,2900.0,3100.0,3000.0,18 Jun 2025,West Bengal
721,2178,Nadia,Bethuadahari,Green Chilli,Green Chilly,FAQ,4300.0,4500.0,4400.0,25 Jun 2025,West Bengal
722,3106,Murshidabad,Jiaganj,Mustard,Yellow (Black),FAQ,6300.0,6400.0,6350.0,30 Jul 2025,West Bengal
723,10613,Jhargram,Jhargram,Brinjal,Round/Long,FAQ,5200.0,5600.0,5400.0,05 Aug 2025,West Bengal
724,1206,Bankura,Bishnupur(Bankura),Mustard,Mustard,FAQ,5600.0,5900.0,5800.0,30 Oct 2024,West Bengal
725,2092,Alipurduar,Falakata,Cabbage,Other,FAQ,600.0,800.0,700.0,04 May 2025,West Bengal
726,1585,Murshidabad,Kandi,Wheat,Other,FAQ,2300.0,2400.0,2350.0,07 Sep 2024,West Bengal
727,2164,Nadia,Kalyani,Cauliflower,Cauliflower,FAQ,1200.0,1400.0,1300.0,29 Dec 2024,West Bengal
728,4975,Kolkata,Sealdah Koley Market,Cabbage,Other,FAQ,800.0,1000.0,1000.0,20 Mar 2025,West Bengal
729,8759,Nadia,Karimpur,Green Chilli,Green Chilly,FAQ,4300.0,4500.0,4400.0,24 May 2025,West Bengal
730,870,Kolkata,Mechua,Apple,Apple,Small,9000.0,12000.0,10000.0,08 Jun 2025,West Bengal
731,1296,Coochbehar,Baxirhat,Green Chilli,Other,FAQ,3500.0,3700.0,3600.0,12 May 2025,West Bengal
732,10062,Jalpaiguri,Jalpaiguri Sadar,Brinjal,Other,FAQ,2900.0,3100.0,3000.0,08 Apr 2025,West Bengal
733,8258,Medinipur(W),Garbeta(Medinipur),Brinjal,Brinjal,FAQ,4600.0,5200.0,4800.0,19 Sep 2024,West Bengal
734,9458,Coochbehar,Mathabhanga,Green Chilli,Green Chilly,FAQ,4200.0,4400.0,4300.0,23 Mar 2025,West Bengal
735,1211,Dakshin Dinajpur,Gangarampur(Dakshin Dinajpur),Cauliflower,Other,FAQ,1000.0,1300.0,1200.0,28 Jan 2025,West Bengal
736,386,Dakshin Dinajpur,Balurghat,Cabbage,Other,FAQ,1900.0,2100.0,2000.0,28 May 2025,West Bengal
737,6652,North 24 Parganas,Habra,Green Chilli,Other,FAQ,6000.0,6200.0,6200.0,12 Mar 2025,West Bengal
738,547,Bankura,Bankura Sadar,Mustard,Mustard,FAQ,5250.0,5700.0,5650.0,03 Oct 2024,West Bengal
739,8013,Purba Bardhaman,Kalna,Green Chilli,Other,FAQ,3000.0,3200.0,3100.0,16 Feb 2025,West Bengal
740,4914,Birbhum,Rampurhat,Mustard,Mustard,FAQ,6400.0,6600.0,6500.0,23 Mar 2025,West Bengal
741,366,Puruliya,Balarampur,Bhindi(Ladies Finger),Other,FAQ,5200.0,6000.0,5500.0,06 Jan 2025,West Bengal
742,15557,Coochbehar,Pundibari,Brinjal,Other,FAQ,1800.0,2200.0,1900.0,30 May 2025,West Bengal
743,13258,Coochbehar,Mathabhanga,Brinjal,Brinjal,FAQ,3300.0,3500.0,3400.0,22 Aug 2024,West Bengal
744,9289,Coochbehar,Mathabhanga,Green Chilli,Green Chilly,FAQ,3450.0,3600.0,3500.0,28 Apr 2025,West Bengal
745,17,Paschim Bardhaman,Asansol,Arhar (Tur/Red Gram)(Whole),Other,FAQ,9800.0,10200.0,9900.0,24 Aug 2024,West Bengal
746,3776,Darjeeling,Karsiyang(Matigara),Cabbage,Other,FAQ,2300.0,2500.0,2400.0,10 Aug 2025,West Bengal
747,18255,Coochbehar,Toofanganj,Brinjal,Brinjal,FAQ,3500.0,3700.0,3600.0,23 Aug 2024,West Bengal
748,55,Alipurduar,Alipurduar,Cabbage,Other,FAQ,300.0,400.0,350.0,25 Feb 2025,West Bengal
749,1316,Jalpaiguri,Dhupguri,Cabbage,Cabbage,FAQ,300.0,450.0,400.0,12 Apr 2025,West Bengal
750,3264,Uttar Dinajpur,Raiganj,Wheat,Local,FAQ,2450.0,2550.0,2500.0,09 Apr 2025,West Bengal
751,9617,Medinipur(W),Medinipur(West),Green Chilli,Green Chilly,FAQ,4200.0,4500.0,4400.0,14 Jun 2025,West Bengal
752,13319,Medinipur(W),Medinipur(West),Brinjal,Brinjal,FAQ,1800.0,2100.0,2000.0,08 Mar 2025,West Bengal
753,4288,Nadia,Chakdah,Brinjal,Other,FAQ,3200.0,3300.0,3250.0,26 Mar 2025,West Bengal
754,13346,Medinipur(W),Medinipur(West),Brinjal,Brinjal,FAQ,2300.0,2500.0,2400.0,10 Jan 2025,West Bengal
755,1786,Paschim Bardhaman,Durgapur,Mustard,Other,FAQ,6750.0,7000.0,6850.0,04 Aug 2025,West Bengal
756,10132,Purba Bardhaman,Memari,Green Chilli,Green Chilly,FAQ,2600.0,3000.0,2700.0,05 May 2025,West Bengal
757,2773,Kolkata,Sealdah Koley Market,Bhindi(Ladies Finger),Other,FAQ,3000.0,4000.0,3000.0,10 Apr 2025,West Bengal
758,316,Darjeeling,Darjeeling,Ginger(Green),Other,FAQ,9000.0,11000.0,10000.0,21 Aug 2024,West Bengal
759,2364,Hooghly,Pandua,Bhindi(Ladies Finger),Other,FAQ,3800.0,4000.0,3800.0,25 Jul 2025,West Bengal
760,12796,Kolkata,Sealdah Koley Market,Green Chilli,Other,FAQ,6000.0,8000.0,7000.0,30 Jul 2025,West Bengal
761,11437,Nadia,Kalyani,Brinjal,Brinjal,FAQ,3000.0,3200.0,3100.0,12 Mar 2025,West Bengal
762,13400,Medinipur(W),Medinipur(West),Brinjal,Brinjal,FAQ,2800.0,3200.0,3000.0,10 Apr 2025,West Bengal
763,3009,Paschim Bardhaman,Durgapur,Wheat,Kalyan,FAQ,2800.0,3200.0,3050.0,05 Apr 2025,West Bengal
764,7806,Jalpaiguri,Jalpaiguri Sadar,Green Chilli,Other,FAQ,3400.0,3600.0,3500.0,29 Jan 2025,West Bengal
765,2732,Coochbehar,Haldibari,Cabbage,Cabbage,FAQ,600.0,800.0,700.0,02 Apr 2025,West Bengal
766,1604,Jalpaiguri,Jalpaiguri Sadar,Cauliflower,Local,FAQ,400.0,500.0,450.0,10 Feb 2025,West Bengal
767,3756,Bankura,Bishnupur(Bankura),Brinjal,Brinjal,FAQ,4000.0,5000.0,4500.0,21 Aug 2024,West Bengal
768,797,Kalimpong,Kalimpong,Carrot,Other,FAQ,5500.0,5700.0,5600.0,29 Apr 2025,West Bengal
769,6433,North 24 Parganas,Habra,Green Chilli,Other,FAQ,2500.0,3000.0,3000.0,21 Nov 2024,West Bengal
770,640,Hooghly,Champadanga,Bhindi(Ladies Finger),Bhindi,FAQ,3200.0,3400.0,3300.0,28 Aug 2024,West Bengal
771,4364,Nadia,Nadia,Mustard,Yellow (Black),FAQ,5100.0,5300.0,5100.0,06 Sep 2024,West Bengal
772,729,Kalimpong,Kalimpong,Carrot,Other,FAQ,5500.0,5700.0,5600.0,11 Jan 2025,West Bengal
773,7378,Alipurduar,Falakata,Brinjal,Other,FAQ,2500.0,2800.0,2600.0,11 Apr 2025,West Bengal
774,6894,Coochbehar,Haldibari,Green Chilli,Green Chilly,FAQ,3550.0,3700.0,3600.0,23 Jun 2025,West Bengal
775,4735,Coochbehar,Dinhata,Green Chilli,Green Chilly,FAQ,3500.0,3700.0,3600.0,09 Dec 2024,West Bengal
776,1860,Bankura,Bishnupur(Bankura),Wheat,Sonalika,Non-FAQ,2800.0,3200.0,3000.0,08 Aug 2025,West Bengal
777,4972,Kolkata,Sealdah Koley Market,Cabbage,Other,FAQ,800.0,1000.0,1000.0,19 Feb 2025,West Bengal
778,13448,Darjeeling,Siliguri,Green Chilli,Green Chilly,FAQ,5500.0,6000.0,5800.0,06 Nov 2024,West Bengal
779,3038,Birbhum,Sainthia,Wheat,Sonalika,FAQ,2500.0,2600.0,2550.0,14 Aug 2025,West Bengal
780,73,Paschim Bardhaman,Asansol,Mustard,Other,FAQ,5860.0,6200.0,6050.0,29 Nov 2024,West Bengal
781,1633,Paschim Bardhaman,Durgapur,Mustard,Other,FAQ,5965.0,6200.0,6050.0,19 Mar 2025,West Bengal
782,376,Darjeeling,Siliguri,Ginger(Green),Green Ginger,FAQ,3300.0,3500.0,3400.0,10 May 2025,West Bengal
783,581,Coochbehar,Coochbehar,Cauliflower,Other,FAQ,3500.0,4000.0,3700.0,28 Nov 2024,West Bengal
784,2371,Purba Bardhaman,Guskara,Mustard,Yellow (Black),FAQ,5700.0,5900.0,5800.0,14 Apr 2025,West Bengal
785,3121,Coochbehar,Pundibari,Cauliflower,Other,FAQ,1900.0,2000.0,1980.0,19 Apr 2025,West Bengal
786,509,Hooghly,Champadanga,Bhindi(Ladies Finger),Bhindi,FAQ,1200.0,1300.0,1300.0,04 Jun 2025,West Bengal
787,4783,Birbhum,Rampurhat,Mustard,Mustard,FAQ,6000.0,6200.0,6100.0,22 Jan 2025,West Bengal
788,521,Kolkata,Bara Bazar (Posta Bazar),Garlic,Other,FAQ,22000.0,23000.0,22500.0,21 Aug 2024,West Bengal
789,254,Birbhum,Bolpur,Wheat,Sonalika,FAQ,2500.0,2600.0,2550.0,28 Jun 2025,West Bengal
790,1151,Hooghly,Sheoraphuly,Garlic,Other,FAQ,25000.0,26000.0,25500.0,09 Jan 2025,West Bengal
791,5895,Jalpaiguri,Dhupguri,Brinjal,Round/Long,FAQ,4000.0,4200.0,4100.0,13 Nov 2024,West Bengal
792,4735,Hooghly,Champadanga,Brinjal,Brinjal,FAQ,4600.0,4800.0,4700.0,02 Sep 2024,West Bengal
793,5821,Coochbehar,Toofanganj,Cabbage,Cabbage,FAQ,1400.0,1600.0,1500.0,29 Dec 2024,West Bengal
794,2393,Purba Bardhaman,Guskara,Mustard,Yellow (Black),FAQ,5700.0,5900.0,5800.0,21 Mar 2025,West Bengal
795,13826,Coochbehar,Mekhliganj,Brinjal,Other,FAQ,2800.0,3200.0,3000.0,08 Jul 2025,West Bengal
796,415,Dakshin Dinajpur,Gangarampur(Dakshin Dinajpur),Carrot,Other,FAQ,5500.0,6500.0,6000.0,15 Nov 2024,West Bengal
797,8492,Nadia,Kalyani,Green Chilli,Green Chilly,FAQ,7000.0,8000.0,7500.0,19 Sep 2024,West Bengal
798,4942,Kolkata,Sealdah Koley Market,Cabbage,Other,FAQ,800.0,1000.0,1000.0,08 Feb 2025,West Bengal
799,3105,Birbhum,Sainthia,Wheat,Sonalika,FAQ,2350.0,2550.0,2450.0,18 Jan 2025,West Bengal
800,27,Alipurduar,Alipurduar,Cabbage,Other,FAQ,200.0,300.0,250.0,18 Feb 2025,West Bengal
